EntityID;Name;EntityType;Start_Year;End_Year;Category_Lvl1;Category_Lvl2;Rank;BiographyShort;Wiki_URL;Image_Path;Slug;Schema_Type;Coordinate_Point;ID2;Start_Date;End_Date;PlaceOfOrigin;CategoryName;Gender;EraName;School_Tag;KeyContribution
1001;Νάρμερ (Μήνης);Person;-3100;-3050;Africa;Egypt;10;Ο πρώτος Φαραώ που ένωσε την Άνω και την Κάτω Αίγυπτο, ιδρύοντας την 1η Δυναστεία.;https://el.wikipedia.org/wiki/Νάρμερ;images/narmer.jpg;narmer;Person;25.9,32.7;1001;NULL;NULL;Θίς;Φαραώ;άντρας;Πρώιμη Δυναστική Περίοδος;NULL;"Ιδρυτής του ενιαίου Αιγυπτιακού κράτους. Vibe: Ο πρώτος ""Celebrity"" Βασιλιάς."
1002;Πρώιμη Δυναστική Περίοδος Αιγύπτου;Empire/State;-3100;-2686;Africa;Egypt;9;Η εποχή των δύο πρώτων δυναστειών που έθεσαν τις βάσεις του αιγυπτιακού πολιτισμού.;https://el.wikipedia.org/wiki/Πρώιμη_δυναστική_περίοδος_(Αίγυπτος);images/early-egypt.jpg;early-dynastic-egypt;Country;29.9,31.2;1002;NULL;NULL;Μέμφιδα;Αυτοκρατορία;NULL;Πρώιμη Χαλκοκρατία;NULL;Ανάπτυξη της κεντρικής διοίκησης και της ιερογλυφικής γραφής.
1003;Σουμεριακή Πρώιμη Δυναστική Περίοδος;Empire/State;-2900;-2334;Asia;Mesopotamia;10;Η περίοδος των ανεξάρτητων πόλεων-κρατών στη νότια Μεσοποταμία όπως η Ουρούκ και η Ουρ.;https://el.wikipedia.org/wiki/Σουμέριοι;images/sumer.jpg;sumerian-dynastic-period;Country;31.0,46.0;1003;NULL;NULL;Σουμερία;Πολιτισμός;NULL;Μεσοποταμιακή Περίοδος;NULL;Εδραίωση της πόλης-κράτους και της σφηνοειδούς γραφής. Status: Η κοιτίδα του πολιτισμού.
1004;Πολιτισμός της Κοιλάδας του Ινδού (Πρώιμη Φάση);Empire/State;-3300;-2600;Asia;India;8;Η αρχική φάση ανάπτυξης ενός από τους μεγαλύτερους αρχαίους πολιτισμούς (Χαράππα).;https://el.wikipedia.org/wiki/Πολιτισμός_της_κοιλάδας_του_Ινδού;images/indus-valley.jpg;indus-valley-early;Country;27.2,68.1;1004;NULL;NULL;Ινδός Ποταμός;Πολιτισμός;NULL;Πρώιμη Χαλκοκρατία;NULL;Καινοτομίες στη μεταλλουργία και τον αστικό σχεδιασμό.
1005;Κυκλαδικός Πολιτισμός (Πρωτοκυκλαδική Ι);Movement/Culture;-3200;-2700;Europe;Greece;9;Η πρώτη φάση του πολιτισμού των Κυκλάδων, γνωστή για τα μαρμάρινα ειδώλια.;https://el.wikipedia.org/wiki/Κυκλαδικός_πολιτισμός;images/cycladic.jpg;cycladic-culture-early;Organization;37.0,25.1;1005;NULL;NULL;Κυκλάδες;Πολιτισμός;NULL;Πρωτοελλαδική Περίοδος;NULL;"Χαρακτηριστικά μαρμάρινα ειδώλια (Πήλινα ""τηγανόσχημα""). Vibe: Μινιμαλιστική τέχνη 5000 χρόνια πριν."
1006;Εφεύρεση Παπύρου;Invention;-3000;-3000;Africa;Egypt;8;Η χρήση του φυτού πάπυρος για τη δημιουργία μιας ελαφριάς επιφάνειας γραφής.;https://el.wikipedia.org/wiki/Πάπυρος;images/papyrus.jpg;invention-of-papyrus;Product;29.9,31.2;1006;NULL;NULL;Αίγυπτος;Εφεύρεση;NULL;1η Δυναστεία;NULL;Επέτρεψε τη μαζική τήρηση αρχείων και τη διάδοση της γνώσης.
1007;Πολιτισμός Caral-Supe;Empire/State;-3000;-1800;Americas;Peru;7;Ο παλαιότερος γνωστός πολιτισμός στην Αμερική, σύγχρονος με τις πυραμίδες της Αιγύπτου.;https://en.wikipedia.org/wiki/Caral;images/caral.jpg;caral-supe-civilization;Country;-10.8,-77.6;1007;NULL;NULL;Περού;Πολιτισμός;NULL;Αρχαϊκή Περίοδος Αμερικής;NULL;Οικοδόμηση σύνθετων ναών και πυραμίδων χωρίς τη χρήση τροχού ή κεραμικής.
1008;Τροία Ι;Empire/State;-3000;-2600;Asia;Turkey;7;Η πρώτη οχυρωμένη πόλη στον λόφο του Χισαρλίκ, η αρχή της ιστορίας της Τροίας.;https://el.wikipedia.org/wiki/Τροία;images/troy-1.jpg;troy-i;Country;39.9,26.2;1008;NULL;NULL;Τρωάδα;Πόλη-Κράτος;NULL;Πρώιμη Χαλκοκρατία;NULL;Σημαντικό εμπορικό κέντρο που ήλεγχε τα στενά των Δαρδανελίων.
1009;Stonehenge (Φάση 1);Event/War;-3000;-2900;Europe;United Kingdom;6;Η κατασκευή του αρχικού κυκλικού αναχώματος και της τάφρου στο Στόουνχεντζ.;https://el.wikipedia.org/wiki/Στόουνχεντζ;images/stonehenge.jpg;stonehenge-phase-1;Event;51.1,-1.8;1009;NULL;NULL;Ουιλτσάιρ;Μνημείο;NULL;Νεολιθική/Χαλκοκρατία;NULL;Αστρονομικό παρατηρητήριο και θρησκευτικός χώρος.
1010;Πολιτισμός Longshan;Movement/Culture;-3000;-1900;Asia;China;7;"Πολιτισμός της ύστερης Νεολιθικής στην Κίνα, γνωστός για την εξαιρετική ""μαύρη κεραμική"".";https://en.wikipedia.org/wiki/Longshan_culture;images/longshan.jpg;longshan-culture;Organization;36.5,117.5;1010;NULL;NULL;Κίνα (Κίτρινος Ποταμός);Πολιτισμός;NULL;Νεολιθική Κίνα;NULL;Εισαγωγή του τροχού του κεραμέα και οχυρωμένων πόλεων στην Κίνα.
1011;Χορ-Αχά (Hor-Aha);Person;-3050;-3000;Africa;Egypt;8;Ο δεύτερος Φαραώ της 1ης Δυναστείας, θεωρείται από πολλούς ο ιδρυτής της Μέμφιδας.;https://el.wikipedia.org/wiki/Χορ-Αχά;images/hor-aha.jpg;hor-aha;Person;29.8,31.2;1011;NULL;NULL;Θίς;Φαραώ;άντρας;Πρώιμη Δυναστική Περίοδος;NULL;Εδραίωση της θρησκευτικής λατρείας και επέκταση του εμπορίου.
1012;Ντζερ (Djer);Person;-3000;-2952;Africa;Egypt;7;Τρίτος Φαραώ της 1ης Δυναστείας με πολύ μακροχρόνια βασιλεία και στρατιωτικές επιτυχίες.;https://en.wikipedia.org/wiki/Djer;images/djer.jpg;djer;Person;26.2,31.9;1012;NULL;NULL;Άβυδος;Φαραώ;άντρας;1η Δυναστεία;NULL;Εκστρατείες στο Σινά και τη Λιβύη. Ανέπτυξε την ιατρική και τη χρήση του χαλκού.
1013;Μερνεΐθ (Merneith);Person;-2950;-2950;Africa;Egypt;8;Η πρώτη γυναίκα που κυβέρνησε την Αίγυπτο ως αντιβασιλέας (η πρώτη καταγεγραμμένη βασίλισσα στην ιστορία).;https://el.wikipedia.org/wiki/Μερνεΐθ;images/merneith.jpg;merneith;Person;26.1,31.9;1013;NULL;NULL;Άβυδος;Βασίλισσα;γυναίκα;1η Δυναστεία;NULL;Status: Boss Lady. Κράτησε την αυτοκρατορία ενωμένη για τον γιο της, Ντεν.
1014;Ντεν (Den);Person;-2950;-2900;Africa;Egypt;7;"Φαραώ γνωστός για την οργάνωση του κράτους και τη χρήση του τίτλου ""Βασιλιάς της Άνω και Κάτω Αιγύπτου"".";https://en.wikipedia.org/wiki/Den_(pharaoh);images/den-pharaoh.jpg;den-pharaoh;Person;29.9,31.2;1014;NULL;NULL;Μέμφιδα;Φαραώ;άντρας;1η Δυναστεία;NULL;Εισήγαγε την αρίθμηση των ετών βασιλείας και την απογραφή πληθυσμού.
1015;Ενμερκάρ (Enmerkar);Person;-2900;-2900;Asia;Mesopotamia;8;Ημι-μυθικός βασιλιάς της Ουρούκ, στον οποίο αποδίδεται η εφεύρεση της γραφής σε πηλό.;https://en.wikipedia.org/wiki/Enmerkar;images/enmerkar.jpg;enmerkar;Person;31.3,45.6;1015;NULL;NULL;Ουρούκ;Βασιλιάς;άντρας;Σουμεριακή Περίοδος;NULL;"Κεντρικό πρόσωπο στο έπος ""Ο Ενμερκάρ και ο Κύριος της Αράττα""."
1016;Πρωτο-Ελαμιτικός Πολιτισμός;Empire/State;-3100;-2700;Asia;Iran;7;Αρχαίος πολιτισμός στο δυτικό Ιράν με δικό του σύστημα γραφής που δεν έχει ακόμη αποκρυπτογραφηθεί.;https://en.wikipedia.org/wiki/Proto-Elamite;images/elamite.jpg;proto-elamite;Country;29.9,52.9;1016;NULL;NULL;Σούσα;Πολιτισμός;NULL;Εποχή του Χαλκού;NULL;Πρώιμη χρήση αστικού σχεδιασμού και εμπορικών σφραγίδων στο Ιράν.
1017;Πρωτο-Μινωική Περίοδος (ΠΜ Ι);Movement/Culture;-3100;-2700;Europe;Greece;8;Η αρχή του Μινωικού πολιτισμού στην Κρήτη, με την εμφάνιση των πρώτων οικισμών.;https://el.wikipedia.org/wiki/Μινωικός_πολιτισμός;images/early-minoan.jpg;early-minoan-i;Organization;35.2,25.1;1017;NULL;NULL;Κρήτη;Πολιτισμός;NULL;Πρώιμη Χαλκοκρατία;NULL;Μετάβαση από τη νεολιθική εποχή στη χρήση του χαλκού και την κεραμική.
1018;Εφεύρεση του Τροχού (Μεσοποταμία);Invention;-3100;-3100;Asia;Mesopotamia;10;Η πρώτη χρήση του τροχού για μεταφορές, μια από τις σημαντικότερες στιγμές της ανθρωπότητας.;https://el.wikipedia.org/wiki/Τροχός;images/wheel.jpg;invention-of-the-wheel;Product;32.5,44.4;1018;NULL;NULL;Σουμερία;Εφεύρεση;NULL;Χαλκοκρατία;NULL;Άλλαξε ριζικά το εμπόριο, τον πόλεμο και την παραγωγή κεραμικών.
1019;Χρήση του Ορείχαλκου (Bronze);Invention;-3000;-3000;Asia;Middle East;10;Η ανακάλυψη του κράματος χαλκού και κασσίτερου που έδωσε το όνομά της σε μια ολόκληρη εποχή.;https://el.wikipedia.org/wiki/Εποχή_του_Χαλκού;images/bronze-alloy.jpg;invention-of-bronze;Product;34.0,36.0;1019;NULL;NULL;Εγγύς Ανατολή;Τεχνολογία;NULL;Εποχή του Χαλκού;NULL;Δημιουργία πιο ανθεκτικών εργαλείων και όπλων.
1020;Πολιτισμός Yamnaya;Movement/Culture;-3300;-2600;Europe;Eurasia;7;Πολιτισμός των στεπών που θεωρείται η πηγή των Ινδοευρωπαϊκών γλωσσών.;https://en.wikipedia.org/wiki/Yamnaya_culture;images/yamnaya.jpg;yamnaya-culture;Organization;48.0,44.0;1020;NULL;NULL;Ποντιακή Στέπα;Πολιτισμός;NULL;Εποχή του Χαλκού;NULL;Εξάπλωση των Ινδοευρωπαϊκών φύλων και χρήση εξημερωμένων ίππων.
1021;Ζοζέρ (Djoser);Person;-2667;-2648;Africa;Egypt;10;Ο ισχυρότερος Φαραώ της 3ης Δυναστείας, ιδρυτής του Αρχαίου Βασιλείου.;https://el.wikipedia.org/wiki/Ζοζέρ;images/djoser.jpg;djoser;Person;29.8,31.2;1021;NULL;NULL;Μέμφιδα;Φαραώ;άντρας;Αρχαίο Βασίλειο;NULL;Ανήγειρε την πρώτη πυραμίδα (Βαθμιδωτή Πυραμίδα) στην ιστορία.
1022;Ιμχοτέπ (Imhotep);Person;-2650;-2600;Africa;Egypt;9;Αρχιτέκτων, ιατρός και βεζίρης του Ζοζέρ, θεωρείται ο πρώτος πολυμαθής της ιστορίας.;https://el.wikipedia.org/wiki/Ιμχοτέπ;images/imhotep.jpg;imhotep;Person;29.8,31.2;1022;NULL;NULL;Μέμφιδα;Αρχιτέκτων;άντρας;3η Δυναστεία;NULL;Σχεδίασε τη Βαθμιδωτή Πυραμίδα. Θεοποιήθηκε αργότερα ως θεός της ιατρικής.
1023;Γκιλγκαμές (Gilgamesh);Person;-2700;-2650;Asia;Mesopotamia;10;Ημι-μυθικός βασιλιάς της Ουρούκ, πρωταγωνιστής του αρχαιότερου έπους στον κόσμο.;https://el.wikipedia.org/wiki/Γκιλγκαμές;images/gilgamesh.jpg;gilgamesh;Person;31.3,45.6;1023;NULL;NULL;Ουρούκ;Βασιλιάς;άντρας;Σουμεριακή Περίοδος;NULL;Status: Legend. Οικοδόμησε τα τείχη της Ουρούκ. Κεντρική μορφή της Μεσοποταμιακής μυθολογίας.
1024;Πρώτη Δυναστεία της Ουρ;Empire/State;-2600;-2400;Asia;Mesopotamia;8;Μια από τις πιο πλούσιες δυναστείες των Σουμερίων, γνωστή για τους Βασιλικούς Τάφους.;https://en.wikipedia.org/wiki/First_Dynasty_of_Ur;images/ur-dynasty.jpg;first-dynasty-of-ur;Country;30.9,46.1;1024;NULL;NULL;Ουρ;Πόλη-Κράτος;NULL;Πρώιμη Δυναστική Περίοδος;NULL;Τεράστιος πλούτος από χρυσό και λάπις λάζουλι. Ανάπτυξη του κοσμήματος.
1025;Κερός-Σύρος (Πρωτοκυκλαδική ΙΙ);Movement/Culture;-2700;-2300;Europe;Greece;9;Η ακμή του Κυκλαδικού πολιτισμού, με τα πιο εξελιγμένα μαρμάριντα ειδώλια.;https://el.wikipedia.org/wiki/Κυκλαδικός_πολιτισμός;images/cycladic-ii.jpg;keros-syros-culture;Organization;36.9,25.6;1025;NULL;NULL;Κυκλάδες;Πολιτισμός;NULL;Εποχή του Χαλκού;NULL;"Διάδοση των ""κανονικών"" μαρμάρινων ειδωλίων και των μεταλλικών εργαλείων."
1026;Αρχαίο Βασίλειο της Αιγύπτου;Empire/State;-2686;-2181;Africa;Egypt;10;"Η ""Εποχή των Πυραμίδων"", η πρώτη μεγάλη περίοδος ακμής του αιγυπτιακού κράτους.";https://el.wikipedia.org/wiki/Αρχαίο_βασίλειο_(Αίγυπτος);images/old-kingdom.jpg;old-kingdom-egypt;Country;29.9,31.2;1026;NULL;NULL;Μέμφιδα;Αυτοκρατορία;NULL;Χαλκοκρατία;NULL;Οικοδόμηση των μεγαλύτερων μνημείων και οργάνωση της απόλυτης μοναρχίας.
1027;Πολιτισμός της Χαράππας (Ώριμη Φάση);Empire/State;-2600;-1900;Asia;India;9;Η κορύφωση του πολιτισμού του Ινδού ποταμού με εντυπωσιακό πολεοδομικό σχεδιασμό.;https://el.wikipedia.org/wiki/Πολιτισμός_της_κοιλάδας_του_Ινδού;images/harappa.jpg;mature-harappan-culture;Country;30.6,72.8;1027;NULL;NULL;Κοιλάδα Ινδού;Πολιτισμός;NULL;Εποχή του Χαλκού;NULL;Vibe: Hipsters της αρχαιότητας με αποχετευτικό σύστημα και τυποποιημένα βάρη.
1028;Μεσαλίμ (Mesalim);Person;-2600;-2600;Asia;Mesopotamia;7;Βασιλιάς της Κις που έδρασε ως διαιτητής σε συνοριακές διαφορές μεταξύ Σουμεριακών πόλεων.;https://en.wikipedia.org/wiki/Mesalim;images/mesalim.jpg;mesalim;Person;32.5,44.4;1028;NULL;NULL;Κις;Βασιλιάς;άντρας;Σουμεριακή Περίοδος;NULL;"Ο πρώτος γνωστός ""διεθνής διαιτητής"" στην ιστορία της διπλωματίας."
1029;Περίοδος Ελ Ομπέιντ (Τελευταία Φάση);Movement/Culture;-2800;-2800;Asia;Mesopotamia;6;Η μετάβαση από τις αγροτικές κοινότητες στις πρώτες πραγματικές πόλεις της Σουμερίας.;https://en.wikipedia.org/wiki/Ubaid_period;images/ubaid.jpg;late-ubaid-period;Organization;31.0,46.0;1029;NULL;NULL;Μεσοποταμία;Πολιτισμός;NULL;Χαλκολιθική/Χαλκοκρατία;NULL;Ανάπτυξη των πρώτων ναών (Ziggurats) και της κεντρικής αποθήκευσης τροφίμων.
1030;Περίοδος Liangzhu;Movement/Culture;-3300;-2300;Asia;China;7;Ο τελευταίος νεολιθικός πολιτισμός νεφρίτη στο δέλτα του ποταμού Γιανγκτσέ στην Κίνα.;https://en.wikipedia.org/wiki/Liangzhu_culture;images/liangzhu.jpg;liangzhu-culture;Organization;30.4,120.0;1030;NULL;NULL;Κίνα (Hangzhou);Πολιτισμός;NULL;Νεολιθική Κίνα;NULL;Status: Master of Jade. Εξαιρετική κατεργασία νεφρίτη και προηγμένο σύστημα διαχείρισης υδάτων.
1031;Σνεφρού (Sneferu);Person;-2575;-2551;Africa;Egypt;9;Ο ιδρυτής της 4ης Δυναστείας, ο μεγαλύτερος οικοδόμος πυραμίδων της αρχαιότητας.;https://el.wikipedia.org/wiki/Σνεφρού;images/sneferu.jpg;sneferu;Person;29.7,31.2;1031;NULL;NULL;Μέμφιδα;Φαραώ;άντρας;Αρχαίο Βασίλειο;4η Δυναστεία;Έκτισε την Κυρτή και την Κόκκινη Πυραμίδα. Τελειοποίησε την τέχνη της πυραμίδας.
1032;Χέοπας (Khufu);Person;-2551;-2528;Africa;Egypt;10;Ο Φαραώ που ανέγειρε τη Μεγάλη Πυραμίδα της Γκίζας, το μοναδικό σωζόμενο θαύμα του αρχαίου κόσμου.;https://el.wikipedia.org/wiki/Χέοπας;images/khufu.jpg;khufu;Person;29.9,31.1;1032;NULL;NULL;Μέμφιδα;Φαραώ;άντρας;Αρχαίο Βασίλειο;4η Δυναστεία;Status: The GOAT. Κατασκευή της Μεγάλης Πυραμίδας (146μ ύψος).
1033;Χεφρήνος (Khafre);Person;-2520;-2494;Africa;Egypt;10;Γιος του Χέοπα, γνωστός για τη δεύτερη μεγαλύτερη πυραμίδα και τη Μεγάλη Σφίγγα.;https://el.wikipedia.org/wiki/Χεφρήνος;images/khafre.jpg;khafre;Person;29.9,31.1;1033;NULL;NULL;Μέμφιδα;Φαραώ;άντρας;Αρχαίο Βασίλειο;4η Δυναστεία;Ανέγειρε τη Μεγάλη Σφίγγα της Γκίζας ως σύμβολο βασιλικής ισχύος.
1034;Μυκερίνος (Menkaure);Person;-2490;-2472;Africa;Egypt;9;Ο Φαραώ της τρίτης και μικρότερης πυραμίδας της Γκίζας, γνωστός για την ηπιότητά του.;https://el.wikipedia.org/wiki/Μυκερίνος;images/menkaure.jpg;menkaure;Person;29.9,31.1;1034;NULL;NULL;Μέμφιδα;Φαραώ;άντρας;Αρχαίο Βασίλειο;4η Δυναστεία;Ολοκλήρωση του συγκροτήματος της Γκίζας με την τρίτη πυραμίδα και εξαιρετικά αγάλματα (Τριάδες).
1035;Εαννάτουμ (Eannatum);Person;-2450;-2425;Asia;Mesopotamia;8;Βασιλιάς της Λαγκάς που κατέκτησε σχεδόν όλη τη Σουμερία και δημιούργησε μια πρώιμη αυτοκρατορία.;https://en.wikipedia.org/wiki/Eannatum;images/eannatum.jpg;eannatum;Person;31.4,46.2;1035;NULL;NULL;Λαγκάς;Βασιλιάς;άντρας;Πρώιμη Δυναστική ΙΙΙ;NULL;"Ανήγειρε τη ""Στήλη των Γυπών"", το πρώτο ιστορικό μνημείο που απεικονίζει στρατιωτική νίκη."
1036;Λούγκαλ-Άννε-Μούντου (Lugal-Anne-Mundu);Person;-2400;-2400;Asia;Mesopotamia;7;Βασιλιάς της Αντάμπ που λέγεται ότι δημιούργησε την πρώτη αυτοκρατορία που ένωσε τη Μεσοποταμία.;https://en.wikipedia.org/wiki/Lugal-Anne-Mundu;images/lugal-anne-mundu.jpg;lugal-anne-mundu;Person;31.9,45.9;1036;NULL;NULL;Αντάμπ;Βασιλιάς;άντρας;Σουμεριακή Περίοδος;NULL;Υπέταξε 7 επαρχίες από τη Μεσόγειο έως το Ζάγρος.
1037;Ουσερκάφ (Userkaf);Person;-2494;-2487;Africa;Egypt;7;Ιδρυτής της 5ης Δυναστείας, ο πρώτος που έδωσε έμφαση στη λατρεία του θεού Ήλιου (Ρα).;https://el.wikipedia.org/wiki/Ουσερκάφ;images/userkaf.jpg;userkaf;Person;29.8,31.2;1037;NULL;NULL;Ηλιούπολη;Φαραώ;άντρας;Αρχαίο Βασίλειο;5η Δυναστεία;Έκτισε τον πρώτο Ηλιακό Ναό στο Αμπού Γκουράμπ.
1038;Σαχουρέ (Sahure);Person;-2487;-2475;Africa;Egypt;7;Φαραώ της 5ης Δυναστείας, γνωστός για την ανάπτυξη του ναυτικού και του εμπορίου.;https://en.wikipedia.org/wiki/Sahure;images/sahure.jpg;sahure;Person;29.8,31.2;1038;NULL;NULL;Μέμφιδα;Φαραώ;άντρας;Αρχαίο Βασίλειο;5η Δυναστεία;Οργάνωσε την πρώτη καταγεγραμμένη αποστολή στη χώρα του Πουντ (Ανατολική Αφρική).
1039;Τροία ΙΙ;Empire/State;-2550;-2300;Asia;Turkey;8;"Η φάση της Τροίας που συνδέεται με τον ""Θησαυρό του Πριάμου"" (αρχαιολογικά).";https://el.wikipedia.org/wiki/Τροία;images/troy-2.jpg;troy-ii;Country;39.9,26.2;1039;NULL;NULL;Τρωάδα;Πόλη-Κράτος;NULL;Χαλκοκρατία;NULL;Status: Rich. Ανεύρεση χρυσών κοσμημάτων και προηγμένης οχύρωσης από τον Σλήμαν.
1040;Πρωτοελλαδική ΙΙ (ΠΕ ΙΙ) - Πολιτισμός Κέρου-Σύρου;Movement/Culture;-2700;-2200;Europe;Greece;9;"Η περίοδος της ""Οικίας των Κεράμων"" στη Λέρνα, δείγμα προηγμένης αρχιτεκτονικής στην Ελλάδα.";https://el.wikipedia.org/wiki/Πρωτοελλαδική_περίοδος;images/lerna-house.jpg;helladic-ii;Organization;37.5,22.7;1040;NULL;NULL;Λέρνα;Πολιτισμός;NULL;Εποχή του Χαλκού;NULL;Χρήση σφραγίδων για διοίκηση και κεραμίδια στέγης (πρώτη φορά στην Ευρώπη).
1041;Λουγκάλ-ζάγκε-σι (Lugal-zage-si);Person;-2358;-2334;Asia;Mesopotamia;8;Ο τελευταίος Σουμέριος βασιλιάς πριν την ακκαδική κατάκτηση, ένωσε την Ουρούκ και τη Λαγκάς.;https://en.wikipedia.org/wiki/Lugal-zage-si;images/lugal-zagesi.jpg;lugal-zage-si;Person;31.3,45.6;1041;NULL;NULL;Ουμμά;Βασιλιάς;άντρας;Σουμεριακή Περίοδος;NULL;"Ο πρώτος που αυτοαποκαλέστηκε ""Βασιλιάς της Χώρας"" (Σουμερίας)."
1042;Πολιτισμός της Κρήτης (ΠΜ ΙΙ);Movement/Culture;-2700;-2200;Europe;Greece;8;Η φάση ανάπτυξης μεγάλων οικισμών στην Κρήτη, όπως στη Βασιλική και τη Μύρτο.;https://el.wikipedia.org/wiki/Μινωικός_πολιτισμός;images/vasiliki-ware.jpg;minoan-ii;Organization;35.1,25.8;1042;NULL;NULL;Κρήτη;Πολιτισμός;NULL;Πρωτομινωική Περίοδος;NULL;"Εισαγωγή της τεχνοτροπίας ""Βασιλικής"" στην κεραμική."
1043;Δυναστεία του Αβάν (Elam);Empire/State;-2600;-2200;Asia;Iran;6;Η πρώτη σημαντική δυναστεία του Ελάμ (δυτικό Ιράν) που ανταγωνίστηκε τους Σουμέριους.;https://en.wikipedia.org/wiki/Awan_dynasty;images/elam-awan.jpg;awan-dynasty;Country;32.2,48.4;1043;NULL;NULL;Σούσα;Δυναστεία;NULL;Ελαμιτική Περίοδος;NULL;Εδραίωση της ελαμιτικής ισχύος και συγκρούσεις με την πόλη Κις.
1044;Βασιλικοί Τάφοι της Ουρ;Event/War;-2600;-2450;Asia;Mesopotamia;9;Η ανακάλυψη τάφων με τεράστιους θησαυρούς και στοιχεία ανθρωποθυσιών στην Ουρ.;https://en.wikipedia.org/wiki/Royal_Cemetery_at_Ur;images/ur-tombs.jpg;royal-tombs-ur;Event;30.9,46.1;1044;NULL;NULL;Ουρ;Αρχαιολογικό εύρημα;NULL;Πρώιμη Δυναστική ΙΙΙ;NULL;"Ανεύρεση του ""Λαβάρου της Ουρ"" και της χρυσής κάσκας του Μεσκαλαμντούγκ."
1045;Πουάμπι (Puabi);Person;-2600;-2600;Asia;Mesopotamia;8;"Μια πανίσχυρη ""Νιν"" (Βασίλισσα ή Ιέρεια) της Ουρ, γνωστή από τον ασύλητο τάφο της.";https://en.wikipedia.org/wiki/Puabi;images/puabi.jpg;puabi;Person;30.9,46.1;1045;NULL;NULL;Ουρ;Βασίλισσα;γυναίκα;Σουμεριακή Περίοδος;NULL;Vibe: Iconic jewelry. Βρέθηκε με εντυπωσιακά χρυσά κοσμήματα που δείχνουν το επίπεδο του πολιτισμού.
1046;Σκαραβαίος (Εμφάνιση);Invention;-2500;-2500;Africa;Egypt;6;Η πρώτη εμφάνιση των φυλακτών σε σχήμα σκαραβαίου, που έγιναν σύμβολο της Αιγύπτου.;https://el.wikipedia.org/wiki/Σκαραβαίος_(φυλακτό);images/scarab.jpg;invention-of-scarab;Product;29.9,31.2;1046;NULL;NULL;Αίγυπτος;Τέχνη;NULL;Αρχαίο Βασίλειο;NULL;Σύμβολο ανάστασης και προστασίας.
1047;Πολιτισμός Afanasievo;Movement/Culture;-3300;-2500;Asia;Siberia;6;Ο πρώτος πολιτισμός της εποχής του Χαλκού στη νότια Σιβηρία.;https://en.wikipedia.org/wiki/Afanasievo_culture;images/afanasievo.jpg;afanasievo-culture;Organization;50.0,90.0;1047;NULL;NULL;Αλτάια Όρη;Πολιτισμός;NULL;Εποχή του Χαλκού;NULL;Σύνδεσμος με τους Ινδοευρωπαίους και την εξάπλωση της μεταλλουργίας ανατολικά.
1048;Ενχεγκάλ (Enhegal);Person;-2600;-2600;Asia;Mesopotamia;6;Βασιλιάς της Λαγκάς, ένας από τους πρώτους που καταγράφονται σε επιγραφές για αγορά γης.;https://en.wikipedia.org/wiki/Enhegal;images/enhegal.jpg;enhegal;Person;31.4,46.2;1048;NULL;NULL;Λαγκάς;Βασιλιάς;άντρας;Σουμεριακή Περίοδος;NULL;Πρώιμα στοιχεία ιδιοκτησίας γης και οικονομικών συναλλαγών.
1049;Πολιτισμός Vinkovci;Movement/Culture;-2500;-2200;Europe;Balkans;6;Πολιτισμός της πρώιμης εποχής του Χαλκού στην περιοχή της σημερινής Κροατίας.;https://en.wikipedia.org/wiki/Vinkovci_culture;images/vinkovci.jpg;vinkovci-culture;Organization;45.3,18.8;1049;NULL;NULL;Βαλκάνια;Πολιτισμός;NULL;Εποχή του Χαλκού;NULL;Μετάβαση από τη νεολιθική γεωργία στη χρήση μετάλλων στην κεντρική Ευρώπη.
1050;Νιούσερ-Ρα (Nyuserre Ini);Person;-2445;-2421;Africa;Egypt;7;Ο Φαραώ της 5ης Δυναστείας που έχτισε τον πιο ολοκληρωμένο ηλιακό ναό.;https://en.wikipedia.org/wiki/Nyuserre_Ini;images/nyuserre.jpg;nyuserre-ini;Person;29.8,31.2;1050;NULL;NULL;Μέμφιδα;Φαραώ;άντρας;Αρχαίο Βασίλειο;5η Δυναστεία;Κορυφαία στιγμή της λατρείας του Ήλιου και της ανέγερσης μνημείων στο Αμπουσίρ.
1051;Σαργκόν του Ακκάδ (Sargon);Person;-2334;-2279;Asia;Mesopotamia;10;Ο δημιουργός της πρώτης πραγματικής αυτοκρατορίας στην ιστορία, ενώνοντας Σουμέριους και Ακκάδες.;https://el.wikipedia.org/wiki/Σαργκόν_του_Ακκάδ;images/sargon.jpg;sargon-of-akkad;Person;32.5,44.1;1051;NULL;NULL;Αζουπιράνου;Αυτοκράτορας;άντρας;Ακκαδική Περίοδος;NULL;Ίδρυσε την Ακκαδική Αυτοκρατορία. Πρώτη φορά ένας ηγέτης ελέγχει τόσες πολλές διαφορετικές εθνότητες.
1052;Ενχεντουάννα (Enheduanna);Person;-2285;-2250;Asia;Mesopotamia;9;Η κόρη του Σαργκόν, η πρώτη επώνυμη συγγραφέας/ποιήτρια στην παγκόσμια ιστορία.;https://en.wikipedia.org/wiki/Enheduanna;images/enheduanna.jpg;enheduanna;Person;30.9,46.1;1052;NULL;NULL;Ουρ;Ιέρεια/Ποιήτρια;γυναίκα;Ακκαδική Περίοδος;NULL;Έγραψε ύμνους στη θεά Ινάννα. Status: The World's First Author.
1053;Ναράμ-Σιν (Naram-Sin);Person;-2254;-2218;Asia;Mesopotamia;8;"Εγγονός του Σαργκόν, ο πρώτος Μεσοποτάμιος βασιλιάς που αυτοαποκαλέστηκε ""Θεός"".";https://en.wikipedia.org/wiki/Naram-Sin_of_Akkad;images/naram-sin.jpg;naram-sin;Person;32.5,44.1;1053;NULL;NULL;Ακκάδ;Αυτοκράτορας;άντρας;Ακκαδική Περίοδος;NULL;Κορύφωση της Ακκαδικής ισχύος. Στήλη της Νίκης του Ναράμ-Σιν.
1054;Ακκαδική Αυτοκρατορία;Empire/State;-2334;-2154;Asia;Mesopotamia;10;Η πρώτη πολυεθνική αυτοκρατορία στον κόσμο, με κέντρο την πόλη Ακκάδ.;https://el.wikipedia.org/wiki/Ακκαδική_αυτοκρατορία;images/akkad-empire.jpg;akkadian-empire;Country;33.1,44.1;1054;NULL;NULL;Ακκάδ;Αυτοκρατορία;NULL;Εποχή του Χαλκού;NULL;Ενοποίηση Μεσοποταμίας, χρήση της Ακκαδικής γλώσσας ως lingua franca.
1055;Πέπι Β' (Pepi II);Person;-2278;-2184;Africa;Egypt;8;Ο Φαραώ με τη μακροβιότερη βασιλεία στην ιστορία (94 έτη). Η παρακμή του οδήγησε στο τέλος του Αρχαίου Βασιλείου.;https://el.wikipedia.org/wiki/Πέπι_Β΄;images/pepi-ii.jpg;pepi-ii;Person;29.9,31.2;1055;NULL;NULL;Μέμφιδα;Φαραώ;άντρας;6η Δυναστεία;NULL;Status: Oldest King. Η εξασθένηση της κεντρικής εξουσίας κατά τη βασιλεία του έφερε χάος.
1056;Πρώτη Ενδιάμεση Περίοδος Αιγύπτου;Empire/State;-2181;-2055;Africa;Egypt;9;Μια περίοδος πολιτικής αστάθειας και κατάρρευσης της κεντρικής εξουσίας στην Αίγυπτο.;https://el.wikipedia.org/wiki/Πρώτη_ενδιάμεση_περίοδος_(Αίγυπτος);images/egypt-intermediate.jpg;first-intermediate-period;Country;29.8,31.1;1056;NULL;NULL;Αίγυπτος;Περίοδος;NULL;Χαλκοκρατία;NULL;Διαίρεση της Αιγύπτου σε τοπικούς ηγεμόνες (Νομάρχες).
1057;Ουρ-Ναμμού (Ur-Nammu);Person;-2112;-2095;Asia;Mesopotamia;9;Ιδρυτής της 3ης Δυναστείας της Ουρ και δημιουργός του παλαιότερου σωζόμενου νομικού κώδικα.;https://en.wikipedia.org/wiki/Ur-Nammu;images/ur-nammu.jpg;ur-nammu;Person;30.9,46.1;1057;NULL;NULL;Ουρ;Βασιλιάς;άντρας;Νεοσουμεριακή Περίοδος;NULL;Κώδικας του Ουρ-Ναμμού. Ανήγειρε το Μεγάλο Ζιγκουράτ της Ουρ.
1058;Σουλγκί (Shulgi);Person;-2094;-2047;Asia;Mesopotamia;8;Γιος του Ουρ-Ναμμού, οργάνωσε το κράτος της Ουρ σε ένα πρότυπο γραφειοκρατίας.;https://en.wikipedia.org/wiki/Shulgi;images/shulgi.jpg;shulgi;Person;30.9,46.1;1058;NULL;NULL;Ουρ;Βασιλιάς;άντρας;Νεοσουμεριακή Περίοδος;NULL;Τυποποίηση βαρών και μέτρων. Ίδρυση σχολών για γραφείς (Edubba).
1059;Τρίτη Δυναστεία της Ουρ (Νεοσουμεριακή);Empire/State;-2112;-2004;Asia;Mesopotamia;10;Η τελευταία μεγάλη αναλαμπή του Σουμεριακού πολιτισμού πριν την επικράτηση των Αμοριτών.;https://el.wikipedia.org/wiki/Τρίτη_δυναστεία_της_Ουρ;images/ur-iii.jpg;third-dynasty-of-ur;Country;30.9,46.1;1059;NULL;NULL;Ουρ;Αυτοκρατορία;NULL;Εποχή του Χαλκού;NULL;Χρυσή εποχή της διοίκησης, της λογοτεχνίας και της αρχιτεκτονικής.
1060;Γουντέα της Λαγκάς (Gudea);Person;-2144;-2124;Asia;Mesopotamia;8;Ηγεμόνας της Λαγκάς, γνωστός για τα πολλά πέτρινα αγάλματά του και την ευσέβειά του.;https://el.wikipedia.org/wiki/Γουντέα;images/gudea.jpg;gudea-of-lagash;Person;31.4,46.2;1060;NULL;NULL;Λαγκάς;Ηγεμόνας;άντρας;Νεοσουμεριακή Περίοδος;NULL;Status: Artsy. Ανακαίνιση ναών και παραγωγή εξαιρετικών γλυπτών από διορίτη.
1061;Μεντουχοτέπ Β' (Mentuhotep II);Person;-2061;-2010;Africa;Egypt;10;Ο Φαραώ που επανένωσε την Αίγυπτο, τερματίζοντας την 1η Ενδιάμεση Περίοδο. Ιδρυτής του Μέσου Βασιλείου.;https://el.wikipedia.org/wiki/Μεντουχοτέπ_Β΄;images/mentuhotep.jpg;mentuhotep-ii;Person;25.7,32.6;1061;NULL;NULL;Θήβα;Φαραώ;άντρας;11η Δυναστεία;NULL;"Θεωρείται ο ""δεύτερος Μήνης"" της Αιγύπτου."
1062;Μέσο Βασίλειο της Αιγύπτου;Empire/State;-2055;-1650;Africa;Egypt;10;Μια περίοδος πολιτιστικής άνθισης, εμπορίου και επέκτασης στη Νουβία.;https://el.wikipedia.org/wiki/Μέσο_βασίλειο_(Αίγυπτος);images/middle-kingdom.jpg;middle-kingdom-egypt;Country;25.7,32.6;1062;NULL;NULL;Θήβα/Ιτζτάουι;Αυτοκρατορία;NULL;Χαλκοκρατία;NULL;Κλασική εποχή της αιγυπτιακής λογοτεχνίας και τέχνης.
1063;Δυναστεία Ξια (Xia Dynasty);Empire/State;-2070;-1600;Asia;China;7;Η πρώτη (ημι-μυθική) δυναστεία της Κίνας, που ίδρυσε ο Γιου ο Μέγας.;https://el.wikipedia.org/wiki/Δυναστεία_Ξια;images/xia-dynasty.jpg;xia-dynasty;Country;34.5,112.4;1063;NULL;NULL;Ερλιτού;Δυναστεία;NULL;Πρώιμη Κίνα;NULL;Status: Legendary. Έλεγχος των πλημμυρών του Κίτρινου Ποταμού.
1064;Γιου ο Μέγας (Yu the Great);Person;-2123;-2025;Asia;China;8;Ο θρυλικός ιδρυτής της δυναστείας Ξια, ήρωας που δάμασε τα νερά των ποταμών.;https://en.wikipedia.org/wiki/Yu_the_Great;images/yu-great.jpg;yu-the-great;Person;34.5,112.4;1064;NULL;NULL;Κίνα;Βασιλιάς;άντρας;Δυναστεία Ξια;NULL;Vibe: The Dam Builder. Εισήγαγε το σύστημα της κληρονομικής μοναρχίας στην Κίνα.
1065;Πρωτομινωική ΙΙΙ (ΠΜ ΙΙΙ);Movement/Culture;-2200;-2000;Europe;Greece;7;Περίοδος μετάβασης στην Κρήτη προς τα πρώτα ανάκτορα.;https://el.wikipedia.org/wiki/Μινωικός_πολιτισμός;images/minoan-iii.jpg;early-minoan-iii;Organization;35.2,25.1;1065;NULL;NULL;Κρήτη;Πολιτισμός;NULL;Εποχή του Χαλκού;NULL;Εμφάνιση της λευκής διακόσμησης πάνω σε σκοτεινό βάθος στην κεραμική.
1066;Πρωτοελλαδική ΙΙΙ (ΠΕ ΙΙΙ);Movement/Culture;-2200;-2000;Europe;Greece;7;Περίοδος ανακατατάξεων στην ηπειρωτική Ελλάδα, πιθανώς λόγω εισβολών.;https://el.wikipedia.org/wiki/Πρωτοελλαδική_περίοδος;images/helladic-iii.jpg;early-helladic-iii;Organization;37.9,23.7;1066;NULL;NULL;Ηπειρωτική Ελλάδα;Πολιτισμός;NULL;Εποχή του Χαλκού;NULL;"Εμφάνιση της ""Μινύειας"" κεραμικής και νέων τύπων κατοικιών (μεγαροειδή)."
1067;Βασίλειο της Εμπλα (Ebla);Empire/State;-2400;-2250;Asia;Syria;8;Σημαντικό εμπορικό και πολιτικό κέντρο στη βόρεια Συρία με τεράστιο αρχείο πινακίδων.;https://en.wikipedia.org/wiki/Ebla;images/ebla.jpg;kingdom-of-ebla;Country;35.8,36.7;1067;NULL;NULL;Τελ Μαρντίχ;Πόλη-Κράτος;NULL;Χαλκοκρατία;NULL;Ανακάλυψη 20.000 σφηνοειδών πινακίδων που άλλαξαν την κατανόηση της ιστορίας της Συρίας.
1068;Πολιτισμός Bell Beaker (Εξάπλωση);Movement/Culture;-2800;-1800;Europe;Western Europe;9;Πολιτισμός που χαρακτηρίζεται από τα καμπανοειδή κύπελλα και εξαπλώθηκε σε όλη την Ευρώπη.;https://el.wikipedia.org/wiki/Πολιτισμός_του_Κωδωνόσχημου_Κυπέλλου;images/bell-beaker.jpg;bell-beaker-culture;Organization;48.0,4.0;1068;NULL;NULL;Ευρώπη;Πολιτισμός;NULL;Χαλκοκρατία;NULL;Status: Travelers. Εισαγωγή της μεταλλουργίας του χαλκού και του ατομικού οπλισμού στη Δυτική Ευρώπη.
1069;Πολιτισμός Sintashta;Movement/Culture;-2100;-1800;Asia;Eurasia;7;Πολιτισμός των στεπών όπου εφευρέθηκαν τα πρώτα πολεμικά άρματα με ακτίνες.;https://en.wikipedia.org/wiki/Sintashta_culture;images/sintashta.jpg;sintashta-culture;Organization;52.6,60.5;1069;NULL;NULL;Νότια Ουράλια;Πολιτισμός;NULL;Εποχή του Χαλκού;NULL;Vibe: Speed. Η κοιτίδα των Ινδοϊρανικών φύλων και του πολεμικού άρματος.
1070;Εξαφάνιση του Μαμούθ (Βράνγκελ);Natural_Event;-2000;-2000;Asia;Russia;10;Ο θάνατος του τελευταίου μαμούθ στο νησί Βράνγκελ, σήμανε το τέλος ενός είδους.;https://el.wikipedia.org/wiki/Μαμούθ;images/mammoth-end.jpg;extinction-of-mammoth;Event;71.2,179.5;1070;NULL;NULL;Νήσος Βράνγκελ;Φυσικό Γεγονός;NULL;Ολόκαινος;NULL;Το τέλος της Πλειστοκαίνου πανίδας συνέβη ενώ στην Αίγυπτο έχτιζαν ήδη πυραμίδες.
1071;Αμενεμχάτ Α' (Amenemhat I);Person;-1991;-1962;Africa;Egypt;8;Ο ιδρυτής της 12ης Δυναστείας, που μετακίνησε την πρωτεύουσα στο Ιτζτάουι.;https://el.wikipedia.org/wiki/Αμενεμχάτ_Α΄;images/amenemhat-i.jpg;amenemhat-i;Person;29.4,31.2;1071;NULL;NULL;Θήβα;Φαραώ;άντρας;12η Δυναστεία;NULL;Εδραίωσε το Μέσο Βασίλειο και ξεκίνησε την παράδοση της συναρχίας.
1072;Κώδικας του Λιπίτ-Ιστάρ (Lipit-Ishtar);Invention;-1934;-1924;Asia;Mesopotamia;7;Ένας από τους παλαιότερους γραπτούς νόμους (στα Σουμεριακά) πριν τον Χαμουραμπί.;https://en.wikipedia.org/wiki/Code_of_Lipit-Ishtar;images/lipit-ishtar.jpg;code-of-lipit-ishtar;Product;31.8,45.2;1072;NULL;NULL;Ισίν;Νομοθεσία;NULL;Περίοδος Ισίν-Λάρσα;NULL;Πρόδρομος της βαβυλωνιακής δικαιοσύνης.
1073;Πολιτισμός Unetice;Movement/Culture;-2300;-1600;Europe;Central Europe;7;Ο σημαντικότερος πολιτισμός της πρώιμης εποχής του Χαλκού στην Κεντρική Ευρώπη.;https://en.wikipedia.org/wiki/Unetice_culture;images/unetice.jpg;unetice-culture;Organization;50.0,14.5;1073;NULL;NULL;Τσεχία/Γερμανία;Πολιτισμός;NULL;Εποχή του Χαλκού;NULL;"Status: Metal Masters. Γνωστοί για την ""Ουράνια Δισκοθήκη της Νέμπρα""."
1074;Δίσκος της Νέμπρα (Κατασκευή);Invention;-2000;-1600;Europe;Germany;9;Η αρχαιότερη συγκεκριμένη απεικόνιση του σύμπαντος παγκοσμίως.;https://el.wikipedia.org/wiki/Δίσκος_της_Νέμπρα;images/nebra-disk.jpg;nebra-sky-disk;Product;51.2,11.5;1074;NULL;NULL;Νέμπρα;Τέχνη;NULL;Πολιτισμός Unetice;NULL;Αστρονομικό όργανο για τον υπολογισμό των περιόδων σποράς.
1075;Περίοδος των Πρώτων Ανακτόρων (Κρήτη);Movement/Culture;-1900;-1700;Europe;Greece;10;Η έναρξη της μεγάλης ακμής του Μινωικού πολιτισμού με την οικοδόμηση της Κνωσού και της Φαιστού.;https://el.wikipedia.org/wiki/Μινωικός_πολιτισμός;images/knossos-palace.jpg;first-palace-period;Organization;35.2,25.1;1075;NULL;NULL;Κρήτη;Πολιτισμός;NULL;Μεσομινωική Περίοδος;NULL;Status: High Civilization. Ανάπτυξη της Γραμμικής Α' και της θαλασσοκρατίας.
1076;Χαμουραμπί (Hammurabi);Person;-1792;-1750;Asia;Mesopotamia;10;Ο έκτος βασιλιάς της πρώτης δυναστείας της Βαβυλώνας, παγκοσμίως γνωστός για τον νομοθετικό του κώδικα.;https://el.wikipedia.org/wiki/Χαμουραμπί;images/hammurabi.jpg;hammurabi;Person;32.5,44.4;1076;NULL;NULL;Βαβυλώνα;Βασιλιάς;άντρας;Παλαιοβαβυλωνιακή Περίοδος;NULL;Σύνταξη του Κώδικα του Χαμουραμπί. Ενοποίηση της Μεσοποταμίας υπό τη Βαβυλώνα.
1077;Κώδικας του Χαμουραμπί;Invention;-1754;-1754;Asia;Mesopotamia;10;Ένα από τα πληρέστερα και καλύτερα διατηρημένα σύνολα νόμων από την αρχαία Μεσοποταμία.;https://el.wikipedia.org/wiki/Κώδικας_του_Χαμουραμπί;images/hammurabi-code.jpg;code-of-hammurabi;Product;32.5,44.4;1077;NULL;NULL;Βαβυλώνα;Νομοθεσία;NULL;Παλαιοβαβυλωνιακή Περίοδος;NULL;"Εισήγαγε την αρχή του ""οφθαλμόν αντί οφθαλμού"" (Lex Talionis). Status: Παγκόσμια κληρονομιά."
1078;Πρώτη Βαβυλωνιακή Αυτοκρατορία;Empire/State;-1894;-1595;Asia;Mesopotamia;9;Η περίοδος ακμής της Βαβυλώνας που ξεκίνησε με τους Αμορίτες και κορυφώθηκε με τον Χαμουραμπί.;https://el.wikipedia.org/wiki/Βαβυλωνία;images/old-babylon.jpg;old-babylonian-empire;Country;32.5,44.4;1078;NULL;NULL;Βαβυλώνα;Αυτοκρατορία;NULL;Εποχή του Χαλκού;NULL;Μετατροπή της Βαβυλώνας σε θρησκευτικό και πολιτιστικό κέντρο της Εγγύς Ανατολής.
1079;Σέσωστρις Α' (Senusret I);Person;-1971;-1926;Africa;Egypt;8;Φαραώ της 12ης δυναστείας, γνωστός για την επέκταση στη Νουβία και την οικοδόμηση του ναού του Άμμωνα στο Καρνάκ.;https://el.wikipedia.org/wiki/Σέσωστρις_Α΄;images/senusret-i.jpg;senusret-i;Person;25.7,32.6;1079;NULL;NULL;Θήβα;Φαραώ;άντρας;Μέσο Βασίλειο;12η Δυναστεία;"Ανέπτυξε τα ορυχεία χρυσού και έχτισε το ""Λευκό Παρεκκλήσι"" στο Καρνάκ."
1080;Σέσωστρις Γ' (Senusret III);Person;-1878;-1839;Africa;Egypt;9;Ο ισχυρότερος Φαραώ του Μέσου Βασιλείου, ο οποίος αναδιοργάνωσε τη διοίκηση και τα σύνορα.;https://el.wikipedia.org/wiki/Σέσωστρις_Γ΄;images/senusret-iii.jpg;senusret-iii;Person;25.7,32.6;1080;NULL;NULL;Θήβα;Φαραώ;άντρας;Μέσο Βασίλειο;12η Δυναστεία;Status: Warrior King. Εκμηδένισε τη δύναμη των τοπικών ευγενών (Νομαρχών).
1081;Αμενεμχάτ Γ' (Amenemhat III);Person;-1860;-1814;Africa;Egypt;8;Ο Φαραώ της οικονομικής ακμής, γνωστός για τα αρδευτικά έργα στη λίμνη Φαγιούμ.;https://el.wikipedia.org/wiki/Αμενεμχάτ_Γ΄;images/amenemhat-iii.jpg;amenemhat-iii;Person;29.2,30.8;1081;NULL;NULL;Ιτζτάουι;Φαραώ;άντρας;Μέσο Βασίλειο;12η Δυναστεία;"Έκτισε τη ""Μαύρη Πυραμίδα"" και τον Λαβύρινθο (τεράστιο νεκρικό ναό)."
1082;Αβραάμ (Abraham);Person;-2000;-1850;Asia;Levant;10;Ο πατριάρχης των μονοθεϊστικών θρησκειών (Ιουδαϊσμός, Χριστιανισμός, Ισλάμ).;https://el.wikipedia.org/wiki/Αβραάμ;images/abraham.jpg;abraham;Person;31.3,35.0;1082;NULL;NULL;Ουρ;Πατριάρχης;άντρας;Εποχή του Χαλκού;NULL;Status: Father of Nations. Η μετανάστευσή του από τη Μεσοποταμία στη Χαναάν αποτελεί θεμέλιο λίθο της Βίβλου.
1083;Σαμσί-Αντάντ Α' (Shamshi-Adad I);Person;-1808;-1776;Asia;Mesopotamia;8;Αμορίτης βασιλιάς που ίδρυσε την πρώτη μεγάλη Ασσυριακή Αυτοκρατορία στο βορρά.;https://en.wikipedia.org/wiki/Shamshi-Adad_I;images/shamshi-adad.jpg;shamshi-adad-i;Person;36.0,43.0;1083;NULL;NULL;Σουμπάτ-Ενλίλ;Βασιλιάς;άντρας;Παλαιοασσυριακή Περίοδος;NULL;Ενοποίησε τη βόρεια Μεσοποταμία και έθεσε τις βάσεις για τη μετέπειτα Ασσυριακή ισχύ.
1084;Ζίμρι-Λιμ (Zimri-Lim);Person;-1775;-1761;Asia;Syria;7;Ο τελευταίος βασιλιάς της Μαρί, γνωστός για το τεράστιο ανάκτορό του και τα διπλωματικά του αρχεία.;https://en.wikipedia.org/wiki/Zimri-Lim;images/zimri-lim.jpg;zimri-lim;Person;34.4,40.9;1084;NULL;NULL;Μαρί;Βασιλιάς;άντρας;Εποχή του Χαλκού;NULL;Το αρχείο του περιλαμβάνει 20.000 πινακίδες που περιγράφουν τη ζωή και τη διπλωματία της εποχής.
1085;Γραμμική Α (Linear A);Invention;-1800;-1450;Europe;Greece;9;Το σύστημα γραφής των Μινωιτών που δεν έχει ακόμη αποκρυπτογραφηθεί.;https://el.wikipedia.org/wiki/Γραμμική_Α;images/linear-a.jpg;linear-a;Product;35.2,25.1;1085;NULL;NULL;Κρήτη;Γραφή;NULL;Μινωική Περίοδος;NULL;Status: Unsolved Mystery. Χρησιμοποιήθηκε για διοικητικούς και θρησκευτικούς σκοπούς.
1086;Μέση Ελλαδική Περίοδος;Movement/Culture;-2000;-1550;Europe;Greece;8;Μια περίοδος σχετικής απομόνωσης και προετοιμασίας για την ανάδυση του Μυκηναϊκού πολιτισμού.;https://el.wikipedia.org/wiki/Μέση_Ελλαδική_περίοδος;images/middle-helladic.jpg;middle-helladic-period;Organization;37.9,23.7;1086;NULL;NULL;Ηπειρωτική Ελλάδα;Πολιτισμός;NULL;Εποχή του Χαλκού;NULL;"Ανάπτυξη των ""κυπελλοειδών"" τάφων και της μινύειας κεραμικής."
1087;Πολιτισμός Kerma;Empire/State;-2500;-1500;Africa;Sudan;7;Το πρώτο μεγάλο βασίλειο της Νουβίας (Κους), ισχυρός αντίπαλος της Αιγύπτου.;https://en.wikipedia.org/wiki/Kerma_culture;images/kerma.jpg;kerma-culture;Country;19.6,30.4;1087;NULL;NULL;Κέρμα;Πολιτισμός;NULL;Νουβική Περίοδος;NULL;Ανεξάρτητη ανάπτυξη με εντυπωσιακή αρχιτεκτονική από πλίνθους (Deffufa).
1088;Χαττουσίλι Α' (Hattusili I);Person;-1650;-1620;Asia;Turkey;8;Ο βασιλιάς που θεωρείται ο πραγματικός ιδρυτής του Παλαιού Χιττιτικού Βασιλείου.;https://en.wikipedia.org/wiki/Hattusili_I;images/hattusili-i.jpg;hattusili-i;Person;40.0,34.6;1088;NULL;NULL;Κούσαρα;Βασιλιάς;άντρας;Παλαιό Χιττιτικό Βασίλειο;NULL;Μετέφερε την πρωτεύουσα στη Χαττούσα και ξεκίνησε την επέκταση προς τη Συρία.
1089;Ύκσος (Hyksos);Movement/Culture;-1800;-1550;Africa;Egypt;9;Ξένοι ηγεμόνες (πιθανώς σημιτικής καταγωγής) που κατέλαβαν τη βόρεια Αίγυπτο.;https://el.wikipedia.org/wiki/Ύκσος;images/hyksos.jpg;hyksos;Organization;30.8,31.8;1089;NULL;NULL;Ανατολή/Άβαρις;Λαός;NULL;2η Ενδιάμεση Περίοδος;NULL;Εισήγαγαν το πολεμικό άρμα και το σύνθετο τόξο στην Αίγυπτο.
1090;Κώδικας του Εσνούνα (Eshnunna);Invention;-1770;-1770;Asia;Mesopotamia;7;Ένας από τους παλαιότερους νομοθετικούς κώδικες (στα Ακκαδικά) από την πόλη Εσνούνα.;https://en.wikipedia.org/wiki/Laws_of_Eshnunna;images/eshnunna-laws.jpg;code-of-eshnunna;Product;33.5,44.8;1090;NULL;NULL;Εσνούνα;Νομοθεσία;NULL;Παλαιοβαβυλωνιακή Περίοδος;NULL;Περιλαμβάνει νόμους για τιμές, μισθούς και οικογενειακό δίκαιο.
1091;Δυναστεία Κασσιτών (Έναρξη);Empire/State;-1800;-1155;Asia;Mesopotamia;7;Λαός από τα όρη Ζάγρος που σταδιακά κυριάρχησε στη Βαβυλωνία.;https://el.wikipedia.org/wiki/Κασσίτες;images/kassites.jpg;kassite-dynasty;Country;32.5,44.4;1091;NULL;NULL;Ζάγρος;Δυναστεία;NULL;Εποχή του Χαλκού;NULL;Vibe: The Longest Dynasty. Κυβέρνησαν τη Βαβυλώνα για πάνω από 400 χρόνια.
1092;Πολιτισμός Erlitou;Movement/Culture;-1900;-1500;Asia;China;8;Αρχαιολογικός πολιτισμός που πολλοί ταυτίζουν με τη δυναστεία Ξια.;https://en.wikipedia.org/wiki/Erlitou_culture;images/erlitou.jpg;erlitou-culture;Organization;34.7,112.7;1092;NULL;NULL;Κίνα (Henan);Πολιτισμός;NULL;Εποχή του Χαλκού;NULL;Πρώιμη χρήση χάλκινων τελετουργικών σκευών και αστικών ανακτόρων.
1093;Έκρηξη της Θήρας (Σαντορίνη);Natural_Event;-1613;-1613;Europe;Greece;10;Μία από τις μεγαλύτερες ηφαιστειακές εκρήξεις στην ιστορία της ανθρωπότητας.;https://el.wikipedia.org/wiki/Μινωική_έκρηξη;images/thera-eruption.jpg;thera-eruption;Event;36.4,25.4;1093;NULL;NULL;Σαντορίνη;Ηφαίστειο;NULL;Ύστερη Χαλκοκρατία;NULL;Status: Cataclysm. Κατέστρεψε το Ακρωτήρι και προκάλεσε τσουνάμι που έπληξε τη Μινωική Κρήτη.
1094;Ακρωτήρι Θήρας;Movement/Culture;-1700;-1613;Europe;Greece;9;"Η ""Πομπηία του Αιγαίου"", ένας προηγμένος οικισμός που θάφτηκε κάτω από την ηφαιστειακή στάχτη.";https://el.wikipedia.org/wiki/Ακρωτήρι_Θήρας;images/akrotiri.jpg;akrotiri-thera;Organization;36.3,25.4;1094;NULL;NULL;Σαντορίνη;Πόλη;NULL;Κυκλαδικός Πολιτισμός;NULL;Εκπληκτικές τοιχογραφίες (Άνοιξη, Πυγμάχοι) και πολυώροφα κτίρια.
1095;Πολιτισμός Andronovo;Movement/Culture;-2000;-900;Asia;Central Asia;7;Συλλογή από παρεμφερείς πολιτισμούς της Χαλκοκρατίας στην κεντρική Ασία και τη Σιβηρία.;https://en.wikipedia.org/wiki/Andronovo_culture;images/andronovo.jpg;andronovo-culture;Organization;53.0,70.0;1095;NULL;NULL;Κεντρική Ασία;Πολιτισμός;NULL;Εποχή του Χαλκού;NULL;Σχετίζεται με την εξάπλωση των Ινδοϊρανικών γλωσσών και την εξημέρωση του ίππου.
1096;Μουρσίλι Α' (Mursili I);Person;-1620;-1590;Asia;Turkey;8;Χιττίτης βασιλιάς που κατέστρεψε τη Βαβυλώνα και το Χαλέπι.;https://en.wikipedia.org/wiki/Mursili_I;images/mursili-i.jpg;mursili-i;Person;40.0,34.6;1096;NULL;NULL;Χαττούσα;Βασιλιάς;άντρας;Παλαιό Χιττιτικό Βασίλειο;NULL;Έθεσε τέλος στην πρώτη δυναστεία της Βαβυλώνας (εποχή Χαμουραμπί).
1097;Δεύτερη Ενδιάμεση Περίοδος Αιγύπτου;Empire/State;-1650;-1550;Africa;Egypt;8;Εποχή πολιτικού κατακερματισμού και κυριαρχίας των Ύκσος.;https://el.wikipedia.org/wiki/Δεύτερη_ενδιάμεση_περίοδος_(Αίγυπτος);images/egypt-second-intermediate.jpg;second-intermediate-period;Country;25.7,32.6;1097;NULL;NULL;Αίγυπτος;Περίοδος;NULL;Χαλκοκρατία;NULL;Χαρακτηρίζεται από την ταυτόχρονη ύπαρξη πολλών δυναστειών (13η έως 17η).
1098;Πολιτισμός Polada;Movement/Culture;-2200;-1600;Europe;Italy;6;Πολιτισμός της πρώιμης εποχής του Χαλκού στη βόρεια Ιταλία, γνωστός για τους λιμναίους οικισμούς.;https://en.wikipedia.org/wiki/Polada_culture;images/polada.jpg;polada-culture;Organization;45.5,10.5;1098;NULL;NULL;Βόρεια Ιταλία;Πολιτισμός;NULL;Εποχή του Χαλκού;NULL;Ανάπτυξη της μεταλλουργίας και χρήση πασσαλόπηκτων σπιτιών στις λίμνες.
1099;Πολιτισμός El Argar;Movement/Culture;-2200;-1500;Europe;Spain;7;Σημαντικός πολιτισμός της νοτιοανατολικής Ιβηρικής με αυστηρή κοινωνική ιεραρχία.;https://en.wikipedia.org/wiki/El_Argar;images/el-argar.jpg;el-argar-culture;Organization;37.2,-1.9;1099;NULL;NULL;Ισπανία;Πολιτισμός;NULL;Εποχή του Χαλκού;NULL;Πρώιμη χρήση αστικού σχεδιασμού και οχυρώσεων στη Δυτική Μεσόγειο.
1100;Φαραώ Σεμπεκνεφερού (Sobekneferu);Person;-1806;-1802;Africa;Egypt;8;Η πρώτη επιβεβαιωμένη γυναίκα που βασίλεψε ως Φαραώ με πλήρεις τίτλους.;https://el.wikipedia.org/wiki/Σεμπεκνεφερού;images/sobekneferu.jpg;sobekneferu;Person;29.4,31.2;1100;NULL;NULL;Αίγυπτος;Φαραώ;γυναίκα;12η Δυναστεία;NULL;Το τέλος της βασιλείας της σήμανε το τέλος της χρυσής εποχής του Μέσου Βασιλείου.
1101;Άμωσις Α' (Ahmose I);Person;-1550;-1525;Africa;Egypt;10;Ο Φαραώ που εξεδίωξε τους Ύκσος και ίδρυσε το Νέο Βασίλειο της Αιγύπτου.;https://el.wikipedia.org/wiki/Άμωσις_Α΄;images/ahmose-i.jpg;ahmose-i;Person;25.7,32.6;1101;NULL;NULL;Θήβα;Φαραώ;άντρας;18η Δυναστεία;NULL;Επανένωση της Αιγύπτου και έναρξη της αυτοκρατορικής περιόδου.
1102;Νέο Βασίλειο της Αιγύπτου;Empire/State;-1550;-1070;Africa;Egypt;10;Η χρυσή εποχή της Αιγυπτιακής ισχύος, με τους πιο διάσημους Φαραώ και τεράστια εδάφη.;https://el.wikipedia.org/wiki/Νέο_βασίλειο_(Αίγυπτος);images/new-kingdom.jpg;new-kingdom-egypt;Country;25.7,32.6;1102;NULL;NULL;Θήβα;Αυτοκρατορία;NULL;Ύστερη Χαλκοκρατία;NULL;Status: Superpower. Η Αίγυπτος γίνεται παγκόσμια δύναμη από τον Ευφράτη έως τη Νουβία.
1103;Χατσεψούτ (Hatshepsut);Person;-1479;-1458;Africa;Egypt;10;Η πιο επιτυχημένη γυναίκα Φαραώ, γνωστή για την ειρηνική βασιλεία και το ναό της στο Ντέιρ ελ-Μπάχρι.;https://el.wikipedia.org/wiki/Χατσεψούτ;images/hatshepsut.jpg;hatshepsut;Person;25.7,32.6;1103;NULL;NULL;Θήβα;Φαραώ;γυναίκα;18η Δυναστεία;NULL;Ανάπτυξη εμπορίου (αποστολή στο Πουντ) και μνημειώδης αρχιτεκτονική. Vibe: Powerful Queen.
1104;Τούθμωσις Γ' (Thutmose III);Person;-1479;-1425;Africa;Egypt;10;"Ο ""Ναπολέων της Αρχαίας Αιγύπτου"", ο μεγαλύτερος στρατιωτικός ηγέτης στην ιστορία της χώρας.";https://el.wikipedia.org/wiki/Τούθμωσις_Γ΄;images/thutmose-iii.jpg;thutmose-iii;Person;25.7,32.6;1104;NULL;NULL;Θήβα;Φαραώ;άντρας;18η Δυναστεία;NULL;Διεξήγαγε 17 εκστρατείες και κατέκτησε τη Συρία και την Παλαιστίνη.
1105;Μάχη του Μεγιδδώ (-1457 π.Χ.);Event/War;-1457;-1457;Asia;Levant;9;Η πρώτη μάχη στην ιστορία που έχει καταγραφεί με λεπτομέρειες, μεταξύ Αιγύπτου και Χαναναίων.;https://el.wikipedia.org/wiki/Μάχη_του_Μεγιδδώ_(-1457_π.Χ.);images/megiddo-battle.jpg;battle-of-megiddo;Event;32.5,35.1;1105;1457-04-16;1457-04-16;Μεγιδδώ;Μάχη;NULL;18η Δυναστεία;NULL;Αποφασιστική νίκη του Τούθμωσι Γ' που εδραίωσε την αιγυπτιακή κυριαρχία στη Συροπαλαιστίνη.
1106;Αμενχοτέπ Γ' ο Μεγαλοπρεπής;Person;-1390;-1352;Africa;Egypt;9;Ο Φαραώ της ειρήνης και της απόλυτης χλιδής, παππούς του Τουταγχαμών.;https://el.wikipedia.org/wiki/Αμενχοτέπ_Γ΄;images/amenhotep-iii.jpg;amenhotep-iii;Person;25.7,32.6;1106;NULL;NULL;Θήβα;Φαραώ;άντρας;18η Δυναστεία;NULL;Οικοδόμηση του ναού του Λούξορ και των Κολοσσών του Μέμνονα.
1107;Ακενατόν (Akhenaten);Person;-1353;-1336;Africa;Egypt;10;"Ο ""αιρετικός"" Φαραώ που επέβαλε τον μονοθεϊσμό (λατρεία του Ατόν).";https://el.wikipedia.org/wiki/Ακενατόν;images/akhenaten.jpg;akhenaten;Person;27.6,30.9;1107;NULL;NULL;Θήβα;Φαραώ;άντρας;18η Δυναστεία;NULL;Ίδρυσε τη νέα πρωτεύουσα Αμάρνα και άλλαξε ριζικά την τέχνη και τη θρησκεία.
1108;Νεφερτίτη (Nefertiti);Person;-1370;-1330;Africa;Egypt;9;Η πανέμορφη σύζυγος του Ακενατόν, η οποία κατείχε τεράστια πολιτική και θρησκευτική δύναμη.;https://el.wikipedia.org/wiki/Νεφερτίτη;images/nefertiti.jpg;nefertiti;Person;27.6,30.9;1108;NULL;NULL;Θήβα;Βασίλισσα;γυναίκα;18η Δυναστεία;NULL;Vibe: Iconic Beauty. Συμμετείχε ενεργά στη θρησκευτική επανάσταση της Αμάρνα.
1109;Τουταγχαμών (Tutankhamun);Person;-1341;-1323;Africa;Egypt;10;"Ο ""Παιδί-Φαραώ"", διάσημος για τον ασύλητο τάφο του που ανακαλύφθηκε το 1922.";https://el.wikipedia.org/wiki/Τουταγχαμών;images/tutankhamun.jpg;tutankhamun;Person;25.7,32.6;1109;NULL;NULL;Αμάρνα;Φαραώ;άντρας;18η Δυναστεία;NULL;Αποκατάσταση της παλαιάς θρησκείας μετά τον Ακενατόν. Status: Pop Culture Icon.
1110;Σουπιλουλιούμα Α' (Suppiluliuma I);Person;-1344;-1322;Asia;Turkey;9;Ο βασιλιάς που μετέτρεψε το κράτος των Χιττιτών σε μια πανίσχυρη αυτοκρατορία.;https://en.wikipedia.org/wiki/Suppiluliuma_I;images/suppiluliuma.jpg;suppiluliuma-i;Person;40.0,34.6;1110;NULL;NULL;Χαττούσα;Βασιλιάς;άντρας;Νέο Χιττιτικό Βασίλειο;NULL;Κατέλυσε το βασίλειο των Μιτάννι και κυριάρχησε στη βόρεια Συρία.
1111;Μυκηναϊκός Πολιτισμός (Ακμή);Movement/Culture;-1600;-1100;Europe;Greece;10;"Ο πρώτος μεγάλος ελληνικός πολιτισμός της ηπειρωτικής Ελλάδας, γνωστός για τα ""κυκλώπεια τείχη"".";https://el.wikipedia.org/wiki/Μυκηναϊκός_πολιτισμός;images/mycenae.jpg;mycenaean-civilization;Organization;37.7,22.7;1111;NULL;NULL;Μυκήνες;Πολιτισμός;NULL;Ύστερη Χαλκοκρατία;NULL;Ανάπτυξη της Γραμμικής Β' και των μεγάλων ανακτόρων (Μυκήνες, Τίρυνθα).
1112;Γραμμική Β (Linear B);Invention;-1450;-1200;Europe;Greece;10;Η αρχαιότερη μορφή ελληνικής γραφής, που αποκρυπτογραφήθηκε το 1952 από τον Michael Ventris.;https://el.wikipedia.org/wiki/Γραμμική_Β;images/linear-b.jpg;linear-b;Product;37.7,22.7;1112;NULL;NULL;Κνωσός/Μυκήνες;Γραφή;NULL;Μυκηναϊκή Περίοδος;NULL;Απέδειξε τη συνέχεια της ελληνικής γλώσσας από τη χαλκοκρατία.
1113;Σέτι Α' (Seti I);Person;-1290;-1279;Africa;Egypt;8;Ο Φαραώ που επανέφερε τη στρατιωτική δόξα της Αιγύπτου μετά την κρίση της Αμάρνα.;https://el.wikipedia.org/wiki/Σέτι_Α΄;images/seti-i.jpg;seti-i;Person;25.7,32.6;1113;NULL;NULL;Αίγυπτος;Φαραώ;άντρας;19η Δυναστεία;NULL;Κατασκευή της Μεγάλης Υπόστυλης Αίθουσας στο Καρνάκ και εκστρατείες στη Συρία.
1114;Ραμσής Β' ο Μέγας (Ramesses II);Person;-1303;-1213;Africa;Egypt;10;Ο ισχυρότερος και διασημότερος Φαραώ όλων των εποχών, με την μακροβιότερη βασιλεία (66 έτη).;https://el.wikipedia.org/wiki/Ραμσής_Β΄;images/ramesses-ii.jpg;ramesses-the-great;Person;30.8,31.8;1114;NULL;NULL;Πι-Ραμεσέ;Φαραώ;άντρας;19η Δυναστεία;NULL;Status: The Great Builder. Μάχη του Καντές, Αμπού Σιμπέλ και εκατοντάδες άλλα μνημεία.
1115;Μάχη του Καντές (Kadesh);Event/War;-1274;-1274;Asia;Syria;10;Η μεγαλύτερη αρματομαχία στην ιστορία, μεταξύ Ραμσή Β' και Χιττιτών.;https://el.wikipedia.org/wiki/Μάχη_του_Καντές;images/kadesh-battle.jpg;battle-of-kadesh;Event;34.5,36.5;1115;1274-05-01;1274-05-01;Καντές;Μάχη;NULL;19η Δυναστεία;NULL;Οδήγησε στην πρώτη καταγεγραμμένη συνθήκη ειρήνης στην παγκόσμια ιστορία.
1116;Βασίλειο των Μιτάννι;Empire/State;-1500;-1300;Asia;Mesopotamia;8;Μια ισχυρή δύναμη στη βόρεια Μεσοποταμία, κύριος αντίπαλος της Αιγύπτου και των Χιττιτών.;https://en.wikipedia.org/wiki/Mitanni;images/mitanni.jpg;mitanni-kingdom;Country;36.8,40.1;1116;NULL;NULL;Βασουκάνι;Αυτοκρατορία;NULL;Χαλκοκρατία;NULL;Status: Chariot Masters. Έλεγχαν τις εμπορικές οδούς της βόρειας Συρίας.
1117;Δυναστεία Σανγκ (Shang Dynasty);Empire/State;-1600;-1046;Asia;China;9;Η πρώτη κινεζική δυναστεία με άμεσες γραπτές μαρτυρίες (μαντικά οστά).;https://el.wikipedia.org/wiki/Δυναστεία_Σανγκ;images/shang-dynasty.jpg;shang-dynasty;Country;36.1,114.3;1117;NULL;NULL;Ανγιάνγκ;Δυναστεία;NULL;Χαλκοκρατία Κίνας;NULL;Ανάπτυξη της κινεζικής γραφής και εξαιρετική χύτευση ορείχαλκου.
1118;Μαντικά Οστά (Oracle Bones);Invention;-1200;-1046;Asia;China;9;Η παλαιότερη μορφή κινεζικής γραφής, χαραγμένη πάνω σε όστρακα χελώνας ή οστά βοδιών.;https://en.wikipedia.org/wiki/Oracle_bone;images/oracle-bones.jpg;oracle-bones;Product;36.1,114.3;1118;NULL;NULL;Κίνα;Γραφή;NULL;Δυναστεία Σανγκ;NULL;Χρησιμοποιούνταν για την πρόβλεψη του μέλλοντος και την επικοινωνία με τους προγόνους.
1119;Τροία VI;Empire/State;-1700;-1250;Asia;Turkey;9;Η φάση της Τροίας με τα ισχυρά τείχη, που πολλοί ταυτίζουν με την πόλη του Τρωικού Πολέμου.;https://el.wikipedia.org/wiki/Τροία;images/troy-vi.jpg;troy-vi;Country;39.9,26.2;1119;NULL;NULL;Τροία;Πόλη-Κράτος;NULL;Ύστερη Χαλκοκρατία;NULL;Status: High Troy. Πλούσια πόλη με προηγμένη αρχιτεκτονική και εμπόριο.
1120;Θολωτοί Τάφοι (Treasury of Atreus);Event/War;-1350;-1250;Europe;Greece;9;Το πιο εντυπωσιακό δείγμα μυκηναϊκής αρχιτεκτονικής, ο τάφος του Αγαμέμνονα.;https://el.wikipedia.org/wiki/Θησαυρός_του_Ατρέως;images/atreus-tomb.jpg;tholos-tombs;Event;37.7,22.7;1120;NULL;NULL;Μυκήνες;Μνημείο;NULL;Μυκηναϊκή Περίοδος;NULL;Status: Engineering Marvel. Ο μεγαλύτερος θόλος στον κόσμο για πάνω από 1000 χρόνια.
1121;Ασσούρ-ουμπαλίτ Α' (Ashur-uballit I);Person;-1365;-1330;Asia;Mesopotamia;8;Ο βασιλιάς που ξεκίνησε την άνοδο της Μέσης Ασσυριακής Αυτοκρατορίας.;https://en.wikipedia.org/wiki/Ashur-uballit_I;images/ashur-uballit.jpg;ashur-uballit-i;Person;35.5,43.2;1121;NULL;NULL;Ασσούρ;Βασιλιάς;άντρας;Μέση Ασσυριακή Περίοδος;NULL;Απελευθέρωσε την Ασσυρία από τους Μιτάννι και διεκδίκησε ίσο στάτους με τον Φαραώ.
1122;Μούβαταλι Β' (Muwatalli II);Person;-1295;-1272;Asia;Turkey;8;Χιττίτης βασιλιάς, ο κύριος αντίπαλος του Ραμσή Β' στη μάχη του Καντές.;https://en.wikipedia.org/wiki/Muwatalli_II;images/muwatalli.jpg;muwatalli-ii;Person;40.0,34.6;1122;NULL;NULL;Χαττούσα;Βασιλιάς;άντρας;Νέο Χιττιτικό Βασίλειο;NULL;Μετέφερε την πρωτεύουσα στην Ταρουντάσσα για λόγους ασφαλείας.
1123;Πύλος (Ανάκτορο του Νέστορος);Empire/State;-1300;-1200;Europe;Greece;8;Ένα από τα σημαντικότερα μυκηναϊκά κέντρα με πλήθος πινακίδων Γραμμικής Β'.;https://el.wikipedia.org/wiki/Ανάκτορο_του_Νέστορα;images/pylos-palace.jpg;palace-of-nestor;Country;37.0,21.7;1123;NULL;NULL;Πύλος;Πόλη-Κράτος;NULL;Μυκηναϊκή Περίοδος;NULL;"Έδρα του ομηρικού βασιλιά Νέστορα, γνωστό για το ""Μέγαρο"" και τις τοιχογραφίες του."
1124;Τίρυνθα;Empire/State;-1400;-1200;Europe;Greece;8;Μυκηναϊκή ακρόπολη με τα πιο εντυπωσιακά κυκλώπεια τείχη στην Ελλάδα.;https://el.wikipedia.org/wiki/Τίρυνθα;images/tiryns.jpg;tiryns-citadel;Country;37.6,22.8;1124;NULL;NULL;Αργολίδα;Πόλη-Κράτος;NULL;Μυκηναϊκή Περίοδος;NULL;Status: Fortress. Γνωστή για τις σήραγγες και τους οχυρωματικούς της πύργους.
1125;Ουγκαρίτ (Ugarit);Empire/State;-1450;-1185;Asia;Syria;8;Κοσμοπολίτικο εμπορικό λιμάνι στη Συρία, γνωστό για την εφεύρεση του πρώτου αλφαβήτου.;https://el.wikipedia.org/wiki/Ουγκαρίτ;images/ugarit.jpg;ugarit-city;Country;35.6,35.7;1125;NULL;NULL;Ρας Σάμρα;Πόλη-Κράτος;NULL;Ύστερη Χαλκοκρατία;NULL;Status: Trade Hub. Εδώ βρέθηκαν οι πρώτες αλφαβητικές πινακίδες (Ουγκαριτικό αλφάβητο).
1126;Αλφάβητο της Ουγκαρίτ;Invention;-1400;-1200;Asia;Syria;10;Ένα από τα πρώτα αλφαβητικά συστήματα γραφής (σφηνοειδές αλφάβητο).;https://en.wikipedia.org/wiki/Ugaritic_alphabet;images/ugaritic-alphabet.jpg;ugaritic-alphabet;Product;35.6,35.7;1126;NULL;NULL;Ουγκαρίτ;Γραφή;NULL;Ύστερη Χαλκοκρατία;NULL;Απλοποίησε τη γραφή από εκατοντάδες σύμβολα σε 30 γράμματα.
1127;Πολιτισμός Olmec (Έναρξη);Movement/Culture;-1400;-400;Americas;Mexico;10;"Ο ""μητρικός πολιτισμός"" της Μεσοαμερικής, γνωστός για τις κολοσσιαίες κεφαλές.";https://el.wikipedia.org/wiki/Ολμέκοι;images/olmec.jpg;olmec-civilization;Organization;17.9,-94.9;1127;NULL;NULL;Σαν Λορέντζο;Πολιτισμός;NULL;Προκλασική Περίοδος;NULL;Πρώτη χρήση ημερολογίου, γραφής και τελετουργικού παιχνιδιού με μπάλα στην Αμερική.
1128;Σαν Λορέντζο (San Lorenzo);Empire/State;-1400;-900;Americas;Mexico;8;Το παλαιότερο μεγάλο κέντρο των Ολμέκων με μνημειώδη αρχιτεκτονική.;https://en.wikipedia.org/wiki/San_Lorenzo_Tenochtitl?n;images/san-lorenzo.jpg;san-lorenzo-olmec;Country;17.9,-94.9;1128;NULL;NULL;Βερακρούζ;Πόλη;NULL;Περίοδος Ολμέκων;NULL;Status: Olmec Capital. Εδώ βρέθηκαν οι περισσότερες κολοσσιαίες λίθινες κεφαλές.
1129;Πολιτισμός Tumulus;Movement/Culture;-1600;-1200;Europe;Central Europe;7;Πολιτισμός της μέσης εποχής του Χαλκού που χαρακτηρίζεται από την ταφή κάτω από τύμβους.;https://en.wikipedia.org/wiki/Tumulus_culture;images/tumulus-culture.jpg;tumulus-culture;Organization;48.0,10.0;1129;NULL;NULL;Κεντρική Ευρώπη;Πολιτισμός;NULL;Εποχή του Χαλκού;NULL;Ανάπτυξη της πολεμικής αριστοκρατίας και των οχυρωμένων οικισμών στην Ευρώπη.
1130;Φου Χάο (Fu Hao);Person;-1200;-1200;Asia;China;8;Βασίλισσα και αρχιστράτηγος της δυναστείας Σανγκ, η πρώτη ισχυρή γυναίκα της Κίνας.;https://en.wikipedia.org/wiki/Fu_Hao;images/fu-hao.jpg;fu-hao;Person;36.1,114.3;1130;NULL;NULL;Ανγιάνγκ;Βασίλισσα;γυναίκα;Δυναστεία Σανγκ;NULL;Status: Warrior Queen. Ο ασύλητος τάφος της βρέθηκε με εκατοντάδες χάλκινα όπλα και τελετουργικά αντικείμενα.
1131;Ουντάς-Ναπιρίσα (Untash-Napirisha);Person;-1275;-1240;Asia;Iran;7;Ελαμίτης βασιλιάς που έχτισε το θρησκευτικό κέντρο του Τσογκά Ζανμπίλ.;https://en.wikipedia.org/wiki/Untash-Napirisha;images/untash.jpg;untash-napirisha;Person;32.0,48.5;1131;NULL;NULL;Σούσα;Βασιλιάς;άντρας;Μέση Ελαμιτική Περίοδος;NULL;Ανήγειρε το καλύτερα διατηρημένο Ζιγκουράτ εκτός Μεσοποταμίας.
1132;Τσογκά Ζανμπίλ (Chogha Zanbil);Event/War;-1250;-1250;Asia;Iran;9;Το τεράστιο συγκρότημα ζιγκουράτ του Ελάμ, Μνημείο Παγκόσμιας Κληρονομιάς.;https://el.wikipedia.org/wiki/Τσογκά_Ζανμπίλ;images/chogha-zanbil.jpg;chogha-zanbil;Event;32.0,48.5;1132;NULL;NULL;Κουζεστάν;Μνημείο;NULL;Ελαμιτική Περίοδος;NULL;Status: Masterpiece. Ένα από τα ελάχιστα ζιγκουράτ που σώζονται σε τέτοιο ύψος.
1133;Πολιτισμός Sanxingdui;Movement/Culture;-1600;-1100;Asia;China;8;Ένας μυστηριώδης πολιτισμός στην επαρχία Σετσουάν με μοναδική τέχνη στον ορείχαλκο.;https://en.wikipedia.org/wiki/Sanxingdui;images/sanxingdui.jpg;sanxingdui-culture;Organization;31.0,104.2;1133;NULL;NULL;Σετσουάν;Πολιτισμός;NULL;Εποχή του Χαλκού;NULL;Vibe: Alien-like Art. Γνωστός για τις γιγαντιαίες χάλκινες μάσκες με τα προεξέχοντα μάτια.
1134;Κούριγκαλζου Α' (Kurigalzu I);Person;-1400;-1375;Asia;Mesopotamia;7;Κασσίτης βασιλιάς της Βαβυλώνας που έχτισε τη νέα πρωτεύουσα Ντουρ-Κουριγκάλζου.;https://en.wikipedia.org/wiki/Kurigalzu_I;images/kurigalzu.jpg;kurigalzu-i;Person;32.5,44.4;1134;NULL;NULL;Βαβυλώνα;Βασιλιάς;άντρας;Δυναστεία Κασσιτών;NULL;Ενίσχυσε τη σταθερότητα της Βαβυλωνίας και τις διπλωματικές σχέσεις με την Αίγυπτο.
1135;Σαλμανασάρ Α' (Shalmaneser I);Person;-1273;-1244;Asia;Mesopotamia;8;Ασσύριος βασιλιάς που ολοκλήρωσε την κατάκτηση των Μιτάννι.;https://en.wikipedia.org/wiki/Shalmaneser_I;images/shalmaneser-i.jpg;shalmaneser-i;Person;35.5,43.2;1135;NULL;NULL;Ασσούρ;Βασιλιάς;άντρας;Μέση Ασσυριακή Περίοδος;NULL;Ίδρυσε την πόλη Καλού (Νιμρούντ) και επέκτεινε τα σύνορα προς τα βόρεια.
1136;Μούρσιλι Β' (Mursili II);Person;-1321;-1295;Asia;Turkey;7;"Χιττίτης βασιλιάς γνωστός για τα ""Χρονικά"" του και την αντιμετώπιση μιας μεγάλης πανώλης.";https://en.wikipedia.org/wiki/Mursili_II;images/mursili-ii.jpg;mursili-ii;Person;40.0,34.6;1136;NULL;NULL;Χαττούσα;Βασιλιάς;άντρας;Νέο Χιττιτικό Βασίλειο;NULL;Επέβαλε την τάξη στη Μικρά Ασία και άφησε σημαντικά ιστορικά κείμενα.
1137;Πολιτισμός Nuragic (Έναρξη);Movement/Culture;-1800;-238;Europe;Italy;8;Πολιτισμός της Σαρδηνίας γνωστός για τα πέτρινα οχυρά σε σχήμα πύργου (Nuraghe).;https://en.wikipedia.org/wiki/Nuragic_civilization;images/nuraghe.jpg;nuragic-culture;Organization;40.1,9.0;1137;NULL;NULL;Σαρδηνία;Πολιτισμός;NULL;Εποχή του Χαλκού;NULL;Κατασκευή χιλιάδων μεγαλιθικών πύργων που σώζονται μέχρι σήμερα.
1138;Μούσα (Moses);Person;-1300;-1200;Asia;Levant;10;Ο ηγέτης των Ισραηλιτών που τους οδήγησε στην Έξοδο από την Αίγυπτο (σύμφωνα με τη Βίβλο).;https://el.wikipedia.org/wiki/Μωυσής;images/moses.jpg;moses;Person;28.5,33.9;1138;NULL;NULL;Αίγυπτος;Προφήτης;άντρας;Εποχή του Χαλκού;NULL;Status: Liberator. Παραλαβή των Δέκα Εντολών και ίδρυση του Ιουδαϊκού νόμου.
1139;Πολιτισμός Urnfield (Έναρξη);Movement/Culture;-1300;-750;Europe;Central Europe;8;Πολιτισμός της ύστερης εποχής του Χαλκού που καθιέρωσε την καύση των νεκρών.;https://el.wikipedia.org/wiki/Πολιτισμός_των_Τεφροδόχων;images/urnfield.jpg;urnfield-culture;Organization;48.0,14.0;1139;NULL;NULL;Κεντρική Ευρώπη;Πολιτισμός;NULL;Ύστερη Χαλκοκρατία;NULL;Μεγάλη εξάπλωση σε όλη την Ευρώπη και πρόδρομος των Κελτών.
1140;Παν Γκενγκ (Pan Geng);Person;-1300;-1270;Asia;China;7;Ο βασιλιάς της δυναστείας Σανγκ που μετέφερε την πρωτεύουσα στο Γιν (Yin).;https://en.wikipedia.org/wiki/Pan_Geng;images/pan-geng.jpg;pan-geng;Person;36.1,114.3;1140;NULL;NULL;Κίνα;Βασιλιάς;άντρας;Δυναστεία Σανγκ;NULL;Η μεταφορά στο Γιν εγκαινίασε την πιο σταθερή και λαμπρή περίοδο των Σανγκ.
1141;Κύπρος (Αλαστόρ/Alashiya);Empire/State;-1500;-1200;Europe;Cyprus;8;Η χρυσή εποχή της Κύπρου ως ο κύριος προμηθευτής χαλκού στη Μεσόγειο.;https://el.wikipedia.org/wiki/Αλασία;images/alashiya.jpg;alashiya-cyprus;Country;35.1,33.3;1141;NULL;NULL;Έγκωμη;Πόλη-Κράτος;NULL;Ύστερη Χαλκοκρατία;NULL;Στρατηγικός κόμβος εμπορίου μεταξύ Αιγύπτου, Χιττιτών και Μυκηναίων.
1142;Λαός των Θαλασσών (Sea Peoples);Movement/Culture;-1276;-1178;Africa;Egypt;10;Μια μυστηριώδης συνομοσπονδία ναυτικών λαών που προκάλεσε την κατάρρευση πολλών πολιτισμών.;https://el.wikipedia.org/wiki/Λαοί_της_Θάλασσας;images/sea-peoples.jpg;sea-peoples;Organization;35.0,25.0;1142;NULL;NULL;Μεσόγειος;Επιδρομείς;NULL;Κατάρρευση Χαλκοκρατίας;NULL;Status: Chaos. Επιθέσεις στην Αίγυπτο, καταστροφή των Χιττιτών και της Ουγκαρίτ.
1143;Συνθήκη του Καντές;Invention;-1259;-1259;Africa;Egypt;10;Η πρώτη γραπτή συνθήκη ειρήνης στον κόσμο, μεταξύ Ραμσή Β' και Χατουσίλι Γ'.;https://en.wikipedia.org/wiki/Egyptian–Hittite_peace_treaty;images/kadesh-treaty.jpg;treaty-of-kadesh;Product;29.9,31.2;1143;NULL;NULL;Αίγυπτος/Χαττούσα;Διπλωματία;NULL;19η Δυναστεία;NULL;Αμοιβαία υπόσχεση για ειρήνη και στρατιωτική βοήθεια. Αντίγραφο υπάρχει στον ΟΗΕ.
1144;Χατουσίλι Γ' (Hattusili III);Person;-1267;-1237;Asia;Turkey;7;Χιττίτης βασιλιάς που υπέγραψε την αιώνια ειρήνη με την Αίγυπτο.;https://en.wikipedia.org/wiki/Hattusili_III;images/hattusili-iii.jpg;hattusili-iii;Person;40.0,34.6;1144;NULL;NULL;Χαττούσα;Βασιλιάς;άντρας;Νέο Χιττιτικό Βασίλειο;NULL;Ανέβηκε στο θρόνο μετά από εμφύλιο και εδραίωσε τη διπλωματία στην Εγγύς Ανατολή.
1145;Τουκουλτί-Νινουρτά Α' (Tukulti-Ninurta I);Person;-1243;-1207;Asia;Mesopotamia;8;Ο πρώτος Ασσύριος βασιλιάς που κατέλαβε τη Βαβυλώνα.;https://en.wikipedia.org/wiki/Tukulti-Ninurta_I;images/tukulti.jpg;tukulti-ninurta-i;Person;35.5,43.2;1145;NULL;NULL;Ασσούρ;Βασιλιάς;άντρας;Μέση Ασσυριακή Περίοδος;NULL;Status: Conqueror. Μετέφερε το άγαλμα του θεού Μαρδούκ στην Ασσούρ ως λάφυρο.
1146;Πολιτισμός Talaiotic;Movement/Culture;-1500;-123;Europe;Spain;6;Πολιτισμός των Βαλεαρίδων νήσων γνωστός για τους μεγαλιθικούς πύργους (Talayots).;https://en.wikipedia.org/wiki/Talaiotic_culture;images/talayot.jpg;talaiotic-culture;Organization;39.6,3.0;1146;NULL;NULL;Μαγιόρκα/Μινόρκα;Πολιτισμός;NULL;Εποχή του Χαλκού;NULL;Ανάπτυξη οχυρωμένων οικισμών και μοναδικής αρχιτεκτονικής στη δυτική Μεσόγειο.
1147;Κάδμος (Legendary);Person;-1400;-1300;Europe;Greece;7;Ο μυθικός ιδρυτής των Θηβών, στον οποίο αποδίδεται η εισαγωγή του αλφαβήτου στην Ελλάδα.;https://el.wikipedia.org/wiki/Κάδμος;images/cadmus.jpg;cadmus-thebes;Person;38.3,23.3;1147;NULL;NULL;Φοινίκη;Βασιλιάς;άντρας;Μυκηναϊκή Περίοδος;NULL;Σύνδεση της ελληνικής μυθολογίας με την ιστορική εισαγωγή της γραφής από την Ανατολή.
1148;Μίνως (Legendary);Person;-1450;-1450;Europe;Greece;8;Ο θρυλικός βασιλιάς της Κρήτης, γιος του Δία, που καθιέρωσε την πρώτη θαλασσοκρατία.;https://el.wikipedia.org/wiki/Μίνωας;images/king-minos.jpg;king-minos;Person;35.2,25.1;1148;NULL;NULL;Κνωσός;Βασιλιάς;άντρας;Μινωική Περίοδος;NULL;Σύμβολο της μινωικής ισχύος και της πρώτης οργανωμένης δικαιοσύνης.
1149;Άργος (Μυκηναϊκό);Empire/State;-1400;-1200;Europe;Greece;7;Ένα από τα παλαιότερα και συνεχή κέντρα εξουσίας στην Πελοπόννησο.;https://el.wikipedia.org/wiki/Άργος;images/argos-ancient.jpg;mycenaean-argos;Country;37.6,22.7;1149;NULL;NULL;Αργολίδα;Πόλη-Κράτος;NULL;Μυκηναϊκή Περίοδος;NULL;Σημαντικό κέντρο που ανταγωνιζόταν τις Μυκήνες σε ισχύ και πλούτο.
1150;Τεχνική Cire Perdue (Χαμένη Μήτρα);Invention;-1500;-1500;Asia;Global;7;Η τελειοποίηση της μεθόδου χύτευσης μεγάλων ορειχάλκινων αγαλμάτων.;https://en.wikipedia.org/wiki/Lost-wax_casting;images/lost-wax.jpg;lost-wax-casting;Product;30.0,40.0;1150;NULL;NULL;Εγγύς Ανατολή/Κίνα;Τεχνολογία;NULL;Εποχή του Χαλκού;NULL;Επέτρεψε τη δημιουργία λεπτομερών και μεγάλων μεταλλικών έργων τέχνης.
1151;Τρωικός Πόλεμος (Παραδοσιακή Χρονολογία);Event/War;-1194;-1184;Europe;Greece;10;Ο θρυλικός πόλεμος μεταξύ Ελλήνων και Τρώων που σημάδεψε την παγκόσμια μυθολογία.;https://el.wikipedia.org/wiki/Τρωικός_Πόλεμος;images/trojan-war.jpg;trojan-war;Event;39.9,26.2;1151;NULL;NULL;Τροία;Πόλεμος;NULL;Μυκηναϊκή Περίοδος;NULL;Status: Epic. Η πτώση της Τροίας και το τέλος της ηρωικής εποχής.
1152;Ραμσής Γ' (Ramesses III);Person;-1186;-1155;Africa;Egypt;9;Ο τελευταίος μεγάλος Φαραώ του Νέου Βασιλείου, που έσωσε την Αίγυπτο από τους Λαούς της Θάλασσας.;https://el.wikipedia.org/wiki/Ραμσής_Γ΄;images/ramesses-iii.jpg;ramesses-iii;Person;25.7,32.6;1152;NULL;NULL;Αίγυπτος;Φαραώ;άντρας;20η Δυναστεία;NULL;Νίκη στη μάχη του Δέλτα. Καταγραφή των επιδρομών στο ναό του Μεντινέτ Χαμπού.
1153;Κατάρρευση της Ύστερης Χαλκοκρατίας;Event/War;-1200;-1150;Asia;Global;10;Μια ξαφνική και βίαιη κατάρρευση σχεδόν όλων των πολιτισμών της Ανατολικής Μεσογείου.;https://en.wikipedia.org/wiki/Late_Bronze_Age_collapse;images/bronze-age-collapse.jpg;bronze-age-collapse;Event;35.0,35.0;1153;NULL;NULL;Ανατολική Μεσόγειος;Κρίση;NULL;Μετάβαση;NULL;Status: System Failure. Πτώση Χιττιτών, Μυκηναίων και εξασθένηση Αιγύπτου.
1154;Φιλισταίοι (Peleset);Movement/Culture;-1175;-604;Asia;Levant;8;Ένας από τους Λαούς της Θάλασσας που εγκαταστάθηκε στα παράλια της Χαναάν.;https://el.wikipedia.org/wiki/Φιλισταίοι;images/philistines.jpg;philistines;Organization;31.5,34.5;1154;NULL;NULL;Αιγαίο/Κρήτη;Λαός;NULL;Εποχή του Σιδήρου;NULL;Status: Tech Innovators. Εισήγαγαν τη χρήση του σιδήρου στην περιοχή.
1155;Φοινικικό Αλφάβητο (Ανάπτυξη);Invention;-1200;-1050;Asia;Lebant;10;Το πρώτο φωνητικό αλφάβητο, πρόγονος του ελληνικού, λατινικού και αραβικού συστήματος.;https://el.wikipedia.org/wiki/Φοινικικό_αλφάβητο;images/phoenician-alphabet.jpg;phoenician-alphabet;Product;33.9,35.5;1155;NULL;NULL;Βύβλος;Γραφή;NULL;Εποχή του Σιδήρου;NULL;Status: Universal. Η απλοποίηση της γραφής που επέτρεψε τη διάδοση της γνώσης.
1156;Δαβίδ (King David);Person;-1040;-970;Asia;Levant;10;Ο δεύτερος βασιλιάς του Ηνωμένου Βασιλείου του Ισραήλ, ιδρυτής της δυναστείας του Δαβίδ.;https://el.wikipedia.org/wiki/Δαβίδ;images/king-david.jpg;king-david;Person;31.8,35.2;1156;NULL;NULL;Βηθλεέμ;Βασιλιάς;άντρας;Βιβλική Εποχή;NULL;Κατέλαβε την Ιερουσαλήμ και την έκανε πρωτεύουσα. Status: Legend.
1157;Σολομώντας (King Solomon);Person;-990;-931;Asia;Levant;10;Βασιλιάς του Ισραήλ, γνωστός για τη σοφία του και την οικοδόμηση του Πρώτου Ναού.;https://el.wikipedia.org/wiki/Σολομώντας;images/king-solomon.jpg;king-solomon;Person;31.8,35.2;1157;NULL;NULL;Ιερουσαλήμ;Βασιλιάς;άντρας;Βιβλική Εποχή;NULL;Ανήγειρε το Ναό του Σολομώντα. Χρυσή εποχή πλούτου και εμπορίου.
1158;Δυναστεία Τζόου (Zhou Dynasty);Empire/State;-1046;-256;Asia;China;10;"Η μακροβιότερη δυναστεία στην κινεζική ιστορία, που καθιέρωσε την ""Εντολή του Ουρανού"".";https://el.wikipedia.org/wiki/Δυναστεία_Τζόου;images/zhou-dynasty.jpg;zhou-dynasty;Country;34.6,108.9;1158;NULL;NULL;Χαοτζίνγκ;Δυναστεία;NULL;Αρχαία Κίνα;NULL;Ανάπτυξη του φεουδαρχικού συστήματος και εμφάνιση του Κομφουκιανισμού αργότερα.
1159;Βασιλιάς Γου των Τζόου (King Wu);Person;-1046;-1043;Asia;China;8;Ο ιδρυτής της δυναστείας Τζόου που νίκησε τους Σανγκ στη μάχη του Μουγιέ.;https://en.wikipedia.org/wiki/King_Wu_of_Zhou;images/king-wu.jpg;king-wu-zhou;Person;34.6,108.9;1159;NULL;NULL;Κίνα;Βασιλιάς;άντρας;Δυναστεία Τζόου;NULL;Vibe: Liberator. Ανέτρεψε τον τύραννο Ζου των Σανγκ.
1160;Κάθοδος των Δωριέων;Movement/Culture;-1100;-1000;Europe;Greece;9;Η μετακίνηση ελληνικών φύλων που σηματοδότησε το τέλος του μυκηναϊκού κόσμου.;https://el.wikipedia.org/wiki/Κάθοδος_των_Δωριέων;images/dorian-invasion.jpg;dorian-invasion;Organization;38.0,23.0;1160;NULL;NULL;Βόρεια Ελλάδα;Μετανάστευση;NULL;Μετάβαση;NULL;Εισαγωγή της δωρικής διαλέκτου και της χρήσης του σιδήρου στην Πελοπόννησο.
1161;Ελληνικοί Σκοτεινοί Αιώνες;Movement/Culture;-1100;-800;Europe;Greece;10;Περίοδος πολιτιστικής και πληθυσμιακής κάμψης μετά την πτώση των ανακτόρων.;https://el.wikipedia.org/wiki/Γεωμετρική_εποχή;images/dark-ages-greece.jpg;greek-dark-ages;Organization;37.9,23.7;1161;NULL;NULL;Ελλάδα;Περίοδος;NULL;Γεωμετρική Περίοδος;NULL;Status: Reboot. Απώλεια της γραφής και μετάβαση σε μικρότερες κοινότητες.
1162;Τιγκλάθ-Πιλεσέρ Α' (Tiglath-Pileser I);Person;-1115;-1076;Asia;Mesopotamia;8;Ισχυρός Ασσύριος βασιλιάς που επανέφερε την αυτοκρατορία στο προσκήνιο.;https://en.wikipedia.org/wiki/Tiglath-Pileser_I;images/tiglath-pileser-i.jpg;tiglath-pileser-i;Person;35.5,43.2;1162;NULL;NULL;Ασσούρ;Βασιλιάς;άντρας;Μέση Ασσυριακή Περίοδος;NULL;Εκστρατείες έως τη Μεσόγειο και κωδικοποίηση των ασσυριακών νόμων.
1163;Πολιτισμός Chavin (Peru);Movement/Culture;-1200;-400;Americas;Peru;9;Ο πρώτος μεγάλος πολιτισμός των Άνδεων, θρησκευτικό κέντρο του Περού.;https://el.wikipedia.org/wiki/Τσαβίν_ντε_Ουαντάρ;images/chavin.jpg;chavin-culture;Organization;-9.6,-77.2;1163;NULL;NULL;Άνδεις;Πολιτισμός;NULL;Προκολομβιανή Εποχή;NULL;Vibe: Mystic. Εξαιρετική λιθογλυπτική και ναοί με περίπλοκα υπόγεια κανάλια.
1164;Ναβουχοδονόσορ Α' (Nebuchadnezzar I);Person;-1125;-1104;Asia;Mesopotamia;7;Βασιλιάς της Βαβυλώνας που νίκησε τους Ελαμίτες και επέστρεψε το άγαλμα του Μαρδούκ.;https://en.wikipedia.org/wiki/Nebuchadnezzar_I;images/nebuchadnezzar-i.jpg;nebuchadnezzar-i;Person;32.5,44.4;1164;NULL;NULL;Βαβυλώνα;Βασιλιάς;άντρας;4η Δυναστεία της Βαβυλώνας;NULL;Εθνικός ήρωας της Βαβυλώνας που αποκατέστησε το θρησκευτικό γόητρο της πόλης.
1165;Πρωτο-Γεωμετρική Τέχνη;Movement/Culture;-1050;-900;Europe;Greece;7;Η πρώτη αναβίωση της τέχνης στην Ελλάδα μετά την κατάρρευση.;https://el.wikipedia.org/wiki/Πρωτογεωμετρική_περίοδος;images/protogeometric.jpg;protogeometric-style;Organization;37.9,23.7;1165;NULL;NULL;Αθήνα;Τέχνη;NULL;Σκοτεινοί Αιώνες;NULL;Χρήση του διαβήτη και του πολλαπλού χρωστήρα στην κεραμική.
1166;Εφεύρεση του Χάλυβα (Steel);Invention;-1200;-1000;Asia;Global;9;Η διαδικασία απανθράκωσης του σιδήρου για τη δημιουργία σκληρότερου μετάλλου.;https://en.wikipedia.org/wiki/Steel;images/early-steel.jpg;invention-of-steel;Product;38.0,40.0;1166;NULL;NULL;Εγγύς Ανατολή;Τεχνολογία;NULL;Εποχή του Σιδήρου;NULL;Status: Game Changer. Τα σιδερένια όπλα και εργαλεία γίνονται ανώτερα των χάλκινων.
1167;Σμουέννες (Smendes);Person;-1077;-1051;Africa;Egypt;6;Ιδρυτής της 21ης Δυναστείας, ο οποίος κυβέρνησε από την Τάνιδα στη βόρεια Αίγυπτο.;https://en.wikipedia.org/wiki/Smendes;images/smendes.jpg;smendes;Person;31.0,31.8;1167;NULL;NULL;Τάνις;Φαραώ;άντρας;Τρίτη Ενδιάμεση Περίοδος;NULL;Έναρξη της περιόδου όπου η Αίγυπτος ήταν διαιρεμένη μεταξύ Φαραώ και Αρχιερέων.
1168;Πολιτισμός Irlbach;Movement/Culture;-1200;-800;Europe;Germany;6;Πολιτισμός της ύστερης εποχής του Χαλκού στη Βαυαρία.;https://en.wikipedia.org/wiki/Urnfield_culture;images/irlbach.jpg;irlbach-culture;Organization;48.8,12.7;1168;NULL;NULL;Κεντρική Ευρώπη;Πολιτισμός;NULL;Ύστερη Χαλκοκρατία;NULL;Μέρος του ευρύτερου πολιτισμού των Τεφροδόχων (Urnfield).
1169;Δυναστεία Elam (Τέλος Μέσης Περιόδου);Empire/State;-1100;-1100;Asia;Iran;7;Η κατάρρευση της ελαμιτικής ισχύος μετά την επίθεση των Βαβυλωνίων.;https://el.wikipedia.org/wiki/Ελάμ;images/elam-fall.jpg;fall-of-elam;Country;32.2,48.4;1169;NULL;NULL;Σούσα;Δυναστεία;NULL;Ελαμιτική Περίοδος;NULL;Το Ελάμ εισέρχεται σε μια σκοτεινή περίοδο αιώνων.
1170;Ίδρυση του Γκάδειρα (C?diz);Event/War;-1104;-1104;Europe;Spain;8;Η ίδρυση μιας από τις αρχαιότερες συνεχώς κατοικούμενες πόλεις της Ευρώπης από τους Φοίνικες.;https://el.wikipedia.org/wiki/Κάδιθ;images/cadiz-ancient.jpg;founding-of-cadiz;Event;36.5,-6.3;1170;NULL;NULL;Φοινίκη;Αποικισμός;NULL;Εποχή του Σιδήρου;NULL;Status: Gateway to Atlantic. Σημαντικός σταθμός για το εμπόριο μετάλλων.
1171;Πολιτισμός Villanova (Έναρξη);Movement/Culture;-1100;-700;Europe;Italy;8;Ο πρόδρομος του Ετρουσκικού πολιτισμού στην κεντρική Ιταλία.;https://el.wikipedia.org/wiki/Πολιτισμός_της_Βιλανόβα;images/villanova.jpg;villanova-culture;Organization;44.5,11.3;1171;NULL;NULL;Ετρουρία;Πολιτισμός;NULL;Εποχή του Σιδήρου;NULL;Χρήση αμφικωνικών τεφροδόχων και ανάπτυξη της μεταλλουργίας.
1172;Βασίλειο της Ταρτησσού (Tartessos);Empire/State;-1100;-500;Europe;Spain;7;Ημι-μυθικό βασιλείο στη νότια Ισπανία, γνωστό για τον τεράστιο πλούτο του σε μέταλλα.;https://el.wikipedia.org/wiki/Ταρτησσός;images/tartessos.jpg;tartessos-kingdom;Country;37.3,-6.0;1172;NULL;NULL;Ανδαλουσία;Πολιτισμός;NULL;Εποχή του Σιδήρου;NULL;Συχνά ταυτίζεται με τη βιβλική Θαρσείς.
1173;Σαούλ (King Saul);Person;-1050;-1010;Asia;Levant;8;Ο πρώτος βασιλιάς του Ηνωμένου Ισραήλ, που ένωσε τις φυλές κατά των Φιλισταίων.;https://el.wikipedia.org/wiki/Σαούλ;images/king-saul.jpg;king-saul;Person;31.8,35.2;1173;NULL;NULL;Γαβαά;Βασιλιάς;άντρας;Βιβλική Εποχή;NULL;Η τραγική του βασιλεία έθεσε τις βάσεις για την άνοδο του Δαβίδ.
1174;Πολιτισμός Karasuk;Movement/Culture;-1500;-800;Asia;Siberia;6;Πολιτισμός της κεντρικής Ασίας γνωστός για τα χάλκινα μαχαίρια και την εκτροφή προβάτων.;https://en.wikipedia.org/wiki/Karasuk_culture;images/karasuk.jpg;karasuk-culture;Organization;54.0,90.0;1174;NULL;NULL;Σιβηρία;Πολιτισμός;NULL;Εποχή του Χαλκού/Σιδήρου;NULL;Πρόδρομος των νομαδικών πολιτισμών των στεπών.
1175;Περίοδος Proto-Majapahit (Early Bali);Movement/Culture;-1000;-1000;Asia;Indonesia;5;Τα πρώτα ίχνη οργανωμένων κοινοτήτων στο Μπαλί και την Ιάβα.;https://en.wikipedia.org/wiki/History_of_Bali;images/ancient-bali.jpg;early-bali-culture;Organization;-8.4,115.2;1175;NULL;NULL;Μπαλί;Πολιτισμός;NULL;Προϊστορία;NULL;Εμφάνιση της γεωργίας ρυζιού και των πρώτων τελετουργικών πρακτικών.
1176;Εντολή του Ουρανού (Mandate of Heaven);Invention;-1046;-1046;Asia;China;10;Η πολιτική και θρησκευτική ιδεολογία που νομιμοποιούσε τον Κινέζο αυτοκράτορα.;https://el.wikipedia.org/wiki/Εντολή_του_Ουρανού;images/mandate-heaven.jpg;mandate-of-heaven;Product;34.6,108.9;1176;NULL;NULL;Κίνα;Ιδεολογία;NULL;Δυναστεία Τζόου;NULL;"Ο ηγεμόνας έχει το δικαίωμα να κυβερνά μόνο όσο είναι δίκαιος. Αν αποτύχει, χάνει την ""Εντολή""."
1177;Δούκας του Τζόου (Dan);Person;-1042;-1035;Asia;China;9;Ο αδελφός του βασιλιά Γου, που θεωρείται ο ιδανικός ηγεμόνας από τον Κομφούκιο.;https://en.wikipedia.org/wiki/Duke_of_Zhou;images/duke-zhou.jpg;duke-of-zhou;Person;34.6,108.9;1177;NULL;NULL;Κίνα;Αντιβασιλέας;άντρας;Δυναστεία Τζόου;NULL;Status: Sage. Σταθεροποίησε τη δυναστεία και έγραψε τα θεμέλια των κινεζικών τελετουργιών.
1178;Πολιτισμός Adena (Έναρξη);Movement/Culture;-1000;-200;Americas;North America;7;Προϊστορικός πολιτισμός των ΗΠΑ γνωστός για την κατασκευή μεγάλων γήλοφων (Mounds).;https://el.wikipedia.org/wiki/Πολιτισμός_Αντένα;images/adena-mound.jpg;adena-culture;Organization;39.0,-83.0;1178;NULL;NULL;Οχάιο;Πολιτισμός;NULL;Πρώιμη Δασική Περίοδος;NULL;Ανάπτυξη γεωργίας και περίπλοκων ταφικών εθίμων στη Βόρεια Αμερική.
1179;Μάχη του Μουγιέ (Muye);Event/War;-1046;-1046;Asia;China;8;Η καθοριστική μάχη που οδήγησε στην πτώση της δυναστείας Σανγκ.;https://en.wikipedia.org/wiki/Battle_of_Muye;images/muye-battle.jpg;battle-of-muye;Event;35.4,114.1;1179;NULL;NULL;Κίνα;Μάχη;NULL;Δυναστεία Τζόου;NULL;Status: Dynasty Change. Η νίκη των Τζόου επί των υπερτερούντων Σανγκ.
1180;Ιραμάν (Hiram I);Person;-980;-950;Asia;Lebanon;8;Φοίνικας βασιλιάς της Τύρου που συνεργάστηκε στενά με τον Δαβίδ και τον Σολομώντα.;https://el.wikipedia.org/wiki/Ιράμ_Α΄;images/hiram-tyre.jpg;hiram-i-tyre;Person;33.3,35.2;1180;NULL;NULL;Τύρος;Βασιλιάς;άντρας;Εποχή του Σιδήρου;NULL;Status: Master of Trade. Παρείχε ξυλεία (κέδρους) και τεχνίτες για την οικοδόμηση του Ναού στην Ιερουσαλήμ.
1181;Νεοασσυριακή Αυτοκρατορία;Empire/State;-911;-609;Asia;Mesopotamia;10;Η πρώτη πραγματικά παγκόσμια αυτοκρατορία, γνωστή για την αμείλικτη στρατιωτική της ισχύ.;https://el.wikipedia.org/wiki/Νεοασσυριακή_Αυτοκρατορία;images/neo-assyrian.jpg;neo-assyrian-empire;Country;36.3,43.1;1181;NULL;NULL;Νινευή;Αυτοκρατορία;NULL;Εποχή του Σιδήρου;NULL;Status: Superpower. Κυριάρχησε σε όλη τη Μέση Ανατολή και την Αίγυπτο.
1182;Αντάντ Νιραρί Β' (Adad-nirari II);Person;-911;-891;Asia;Mesopotamia;8;Ο βασιλιάς που θεωρείται ο ιδρυτής της Νεοασσυριακής Αυτοκρατορίας.;https://en.wikipedia.org/wiki/Adad-nirari_II;images/adad-nirari.jpg;adad-nirari-ii;Person;36.3,43.1;1182;NULL;NULL;Ασσούρ;Βασιλιάς;άντρας;Νεοασσυριακή Περίοδος;NULL;Ανέκτησε τα εδάφη που χάθηκαν κατά την κατάρρευση της Χαλκοκρατίας.
1183;Ασουρνασιρπάλ Β' (Ashurnasirpal II);Person;-883;-859;Asia;Mesopotamia;9;Γνωστός για τη σκληρότητά του και την ανοικοδόμηση της πρωτεύουσας Κάλχου (Νιμρούντ).;https://el.wikipedia.org/wiki/Ασουρνασιρπάλ_Β΄;images/ashurnasirpal-ii.jpg;ashurnasirpal-ii;Person;36.1,43.3;1183;NULL;NULL;Νιμρούντ;Βασιλιάς;άντρας;Νεοασσυριακή Περίοδος;NULL;Δημιούργησε ένα από τα πιο πολυτελή ανάκτορα της αρχαιότητας.
1184;Σαλμανασάρ Γ' (Shalmaneser III);Person;-858;-824;Asia;Mesopotamia;8;Ασσύριος βασιλιάς που επέκτεινε την αυτοκρατορία από την Αρμενία έως τη Συρία.;https://en.wikipedia.org/wiki/Shalmaneser_III;images/shalmaneser-iii.jpg;shalmaneser-iii;Person;36.3,43.1;1184;NULL;NULL;Νινευή;Βασιλιάς;άντρας;Νεοασσυριακή Περίοδος;NULL;Αντιμετώπισε έναν μεγάλο συνασπισμό βασιλιάδων στη μάχη του Καρκάρ.
1185;Μαύρος Οβελίσκος (Black Obelisk);Invention;-825;-825;Asia;Mesopotamia;9;Ασσυριακό μνημείο που απεικονίζει υποτελείς βασιλείς να προσφέρουν φόρο τιμής.;https://en.wikipedia.org/wiki/Black_Obelisk_of_Shalmaneser_III;images/black-obelisk.jpg;black-obelisk;Product;36.1,43.3;1185;NULL;NULL;Νιμρούντ;Μνημείο;NULL;Νεοασσυριακή Περίοδος;NULL;Περιλαμβάνει την παλαιότερη απεικόνιση Βιβλικού προσώπου (βασιλιάς Ιού).
1186;Διαίρεση του Βασιλείου του Ισραήλ;Event/War;-930;-930;Asia;Levant;9;Η διάσπαση του κράτους του Σολομώντα στο βόρειο Ισραήλ και το νότιο Ιούδα.;https://el.wikipedia.org/wiki/Βασίλειο_του_Ισραήλ_(ενωμένο);images/divided-kingdom.jpg;division-of-israel;Event;31.7,35.2;1186;NULL;NULL;Ιερουσαλήμ;Πολιτικό;NULL;Βιβλική Εποχή;NULL;Status: Civil Rift. Οδήγησε στην αποδυνάμωση των Εβραίων έναντι των Ασσυρίων.
1187;Σεσόνκ Α' (Sheshonq I);Person;-943;-922;Africa;Egypt;8;Λίβυος στην καταγωγή, ίδρυσε την 22η Δυναστεία της Αιγύπτου (ο Βιβλικός Σισάκ).;https://el.wikipedia.org/wiki/Σεσόνκ_Α΄;images/sheshonq-i.jpg;sheshonq-i;Person;30.8,31.8;1187;NULL;NULL;Βούβαστις;Φαραώ;άντρας;22η Δυναστεία;NULL;Status: Invader. Λεηλάτησε την Ιερουσαλήμ και κατέγραψε τη νίκη του στο Καρνάκ.
1188;Ίδρυση της Καρχηδόνας (Carthage);Event/War;-814;-814;Africa;Tunisia;10;Η ίδρυση της μεγαλύτερης φοινικικής αποικίας στη δυτική Μεσόγειο από την Ελισσάρ.;https://el.wikipedia.org/wiki/Καρχηδόνα;images/carthage-founding.jpg;founding-of-carthage;Event;36.8,10.3;1188;NULL;NULL;Τύρος/Καρχηδόνα;Αποικισμός;NULL;Εποχή του Σιδήρου;NULL;Status: Future Superpower. Θα γινόταν ο κυρίαρχος του εμπορίου και ο μεγάλος αντίπαλος της Ρώμης.
1189;Διδώ (Elissa/Dido);Person;-840;-760;Africa;Tunisia;9;Η θρυλική ιδρύτρια και πρώτη βασίλισσα της Καρχηδόνας.;https://el.wikipedia.org/wiki/Διδώ;images/dido.jpg;dido-queen;Person;36.8,10.3;1189;NULL;NULL;Τύρος;Βασίλισσα;γυναίκα;Φοινικική Περίοδος;NULL;Vibe: Tragic Queen. Πρωταγωνίστρια στην Αινειάδα του Βιργιλίου.
1190;1οι Ολυμπιακοί Αγώνες;Event/War;-776;-776;Europe;Greece;10;Η έναρξη της ιστορικής χρονολόγησης της αρχαίας Ελλάδας.;https://el.wikipedia.org/wiki/Αρχαίοι_ολυμπιακοί_αγώνες;images/olympics-start.jpg;first-olympic-games;Event;37.6,21.6;1190;NULL;NULL;Ολυμπία;Αθλητισμός;NULL;Αρχαϊκή Περίοδος;NULL;Status: Cultural Unity. Η ιερή εκεχειρία επέτρεπε τη συμμετοχή όλων των Ελλήνων.
1191;Ίδρυση της Ρώμης (Παραδοσιακή);Event/War;-753;-753;Europe;Italy;10;Η θρυλική ημερομηνία ίδρυσης της πόλης από τον Ρωμύλο.;https://el.wikipedia.org/wiki/Ίδρυση_της_Ρώμης;images/rome-founding.jpg;founding-of-rome;Event;41.9,12.5;1191;NULL;NULL;Ρώμη;Πολιτικό;NULL;Ρωμαϊκή Βασιλεία;NULL;Status: Ab Urbe Condita. Η αφετηρία της μετέπειτα Ρωμαϊκής Αυτοκρατορίας.
1192;Ρωμύλος (Romulus);Person;-771;-717;Europe;Italy;9;Ο μυθικός πρώτος βασιλιάς και ιδρυτής της Ρώμης.;https://el.wikipedia.org/wiki/Ρωμύλος;images/romulus.jpg;romulus;Person;41.9,12.5;1192;NULL;NULL;Άλμπα Λόνγκα;Βασιλιάς;άντρας;Ρωμαϊκή Βασιλεία;NULL;Vibe: Raised by Wolves. Θέσπισε τους πρώτους νόμους και τη Σύγκλητο.
1193;Ελληνικό Αλφάβητο (Επανεισαγωγή);Invention;-800;-750;Europe;Greece;10;Η υιοθέτηση και προσαρμογή του φοινικικού αλφαβήτου με την προσθήκη φωνηέντων.;https://el.wikipedia.org/wiki/Ελληνικό_αλφάβητο;images/greek-alphabet.jpg;greek-alphabet-origin;Product;37.9,23.7;1193;NULL;NULL;Ελλάδα;Γραφή;NULL;Αρχαϊκή Περίοδος;NULL;Status: Cultural Revolution. Η βάση όλων των δυτικών συστημάτων γραφής.
1194;Όμηρος (Homer);Person;-800;-750;Europe;Greece;10;Ο κορυφαίος επικός ποιητής της αρχαιότητας, δημιουργός της Ιλιάδας και της Οδύσσειας.;https://el.wikipedia.org/wiki/Όμηρος;images/homer.jpg;homer;Person;38.4,27.1;1194;NULL;NULL;Χίος/Σμύρνη;Ποιητής;άντρας;Αρχαϊκή Περίοδος;NULL;Vibe: The Educator of Greece. Τα έργα του αποτέλεσαν τη βάση της ελληνικής παιδείας.
1195;Ιλιάδα και Οδύσσεια (Καταγραφή);Invention;-750;-700;Europe;Greece;10;Τα θεμέλια της ευρωπαϊκής λογοτεχνίας, που πέρασαν από την προφορική στη γραπτή παράδοση.;https://el.wikipedia.org/wiki/Ιλιάδα;images/iliad-odyssey.jpg;iliad-odyssey;Product;37.9,23.7;1195;NULL;NULL;Ελλάδα;Λογοτεχνία;NULL;Αρχαϊκή Περίοδος;NULL;Status: Foundational Texts. Καθόρισαν τις αξίες και τη θρησκεία του ελληνικού κόσμου.
1196;Λυκούργος της Σπάρτης;Person;-820;-730;Europe;Greece;9;Ο ημι-μυθικός νομοθέτης που ίδρυσε το πολιτικό και στρατιωτικό σύστημα της Σπάρτης.;https://el.wikipedia.org/wiki/Λυκούργος_της_Σπάρτης;images/lycurgus.jpg;lycurgus-sparta;Person;37.0,22.4;1196;NULL;NULL;Σπάρτη;Νομοθέτης;άντρας;Αρχαϊκή Περίοδος;NULL;"Εισήγαγε τη ""Μεγάλη Ρήτρα"" και την αυστηρή σπαρτιατική αγωγή."
1197;Ησίοδος (Hesiod);Person;-750;-650;Europe;Greece;9;"Ο δεύτερος σημαντικότερος ποιητής μετά τον Όμηρο, συγγραφέας της ""Θεογονίας"".";https://el.wikipedia.org/wiki/Ησίοδος;images/hesiod.jpg;hesiod;Person;38.3,23.1;1197;NULL;NULL;Άσκρη;Ποιητής;άντρας;Αρχαϊκή Περίοδος;NULL;Συστηματοποίησε την ελληνική μυθολογία και τη γέννηση των θεών.
1198;Γεωμετρική Περίοδος (Ύστερη);Movement/Culture;-760;-700;Europe;Greece;8;Η εποχή που η ελληνική τέχνη αρχίζει να χρησιμοποιεί ξανά ανθρώπινες μορφές.;https://el.wikipedia.org/wiki/Γεωμετρική_εποχή;images/geometric-art.jpg;late-geometric-period;Organization;37.9,23.7;1198;NULL;NULL;Αθήνα;Τέχνη;NULL;Αρχαϊκή Περίοδος;NULL;Εμφάνιση των μεγάλων αγγείων του Διπύλου.
1199;Πολιτισμός Hallstatt (Έναρξη);Movement/Culture;-800;-450;Europe;Central Europe;9;Ο κύριος πολιτισμός της πρώιμης εποχής του Σιδήρου στην κεντρική Ευρώπη.;https://el.wikipedia.org/wiki/Πολιτισμός_Χάλστατ;images/hallstatt.jpg;hallstatt-culture;Organization;47.5,13.6;1199;NULL;NULL;Αυστρία;Πολιτισμός;NULL;Εποχή του Σιδήρου;NULL;Vibe: Early Celts. Ανάπτυξη του εμπορίου αλατιού και των πρώτων κελτικών φύλων.
1200;Ετρουσκικός Πολιτισμός (Ανάδυση);Movement/Culture;-800;-264;Europe;Italy;9;Ο προηγμένος πολιτισμός της κεντρικής Ιταλίας που επηρέασε βαθιά τη Ρώμη.;https://el.wikipedia.org/wiki/Ετρούσκοι;images/etruscan.jpg;etruscan-civilization;Organization;42.2,11.8;1200;NULL;NULL;Τοσκάνη;Πολιτισμός;NULL;Εποχή του Σιδήρου;NULL;Status: Masters of Art. Γνωστοί για τη μεταλλουργία, τη μαντεία και την αρχιτεκτονική τους.
1201;Βασίλειο του Ουραρτού (Urartu);Empire/State;-860;-590;Asia;Armenia;8;Ισχυρό βασίλειο στα υψίπεδα της Αρμενίας, μεγάλος εχθρός των Ασσυρίων.;https://el.wikipedia.org/wiki/Ουραρτού;images/urartu.jpg;urartu-kingdom;Country;38.5,43.4;1201;NULL;NULL;Τούσπα;Αυτοκρατορία;NULL;Εποχή του Σιδήρου;NULL;Εξαιρετικοί στη μεταλλουργία και την κατασκευή αρδευτικών συστημάτων.
1202;Βασίλειο της Φρυγίας (Μίδας);Empire/State;-800;-675;Asia;Turkey;8;Βασίλειο της κεντρικής Μικράς Ασίας με πρωτεύουσα το Γόρδιο.;https://el.wikipedia.org/wiki/Φρυγία;images/midas.jpg;phrygian-kingdom;Country;39.6,31.9;1202;NULL;NULL;Γόρδιο;Πολιτισμός;NULL;Εποχή του Σιδήρου;NULL;Status: Golden Wealth. Συνδεδεμένο με τον μύθο του βασιλιά Μίδα.
1203;Τιγκλάθ-Πιλεσέρ Γ' (Tiglath-Pileser III);Person;-745;-727;Asia;Mesopotamia;10;Ο αναμορφωτής της Ασσυρίας που δημιούργησε τον πρώτο επαγγελματικό στρατό.;https://el.wikipedia.org/wiki/Τιγκλάθ-Πιλεσέρ_Γ΄;images/tiglath-pileser-iii.jpg;tiglath-pileser-iii;Person;36.3,43.1;1203;NULL;NULL;Νινευή;Βασιλιάς;άντρας;Νεοασσυριακή Περίοδος;NULL;Status: Empire Builder. Εισήγαγε το σύστημα των μαζικών εκτοπισμών πληθυσμών.
1204;Σαργκόν Β' (Sargon II);Person;-722;-705;Asia;Mesopotamia;9;Ο βασιλιάς που κατέκτησε το Ισραήλ και έχτισε τη νέα πρωτεύουσα Ντουρ-Σαρουκίν.;https://el.wikipedia.org/wiki/Σαργκόν_Β΄;images/sargon-ii.jpg;sargon-ii;Person;36.5,43.2;1204;NULL;NULL;Χορσαμπάντ;Βασιλιάς;άντρας;Νεοασσυριακή Περίοδος;NULL;Εδραίωσε την ασσυριακή κυριαρχία και κατέστρεψε το βασίλειο του Ισραήλ.
1205;Πτώση του Βασιλείου του Ισραήλ;Event/War;-722;-722;Asia;Levant;10;Η κατάληψη της Σαμάρειας από τους Ασσυρίους και ο εκτοπισμός των Δέκα Φυλών.;https://el.wikipedia.org/wiki/Βασίλειο_του_Ισραήλ_(βόρειο);images/fall-of-israel.jpg;fall-of-samaria;Event;32.2,35.1;1205;NULL;NULL;Σαμάρεια;Πτώση;NULL;Εποχή του Σιδήρου;NULL;"Status: End of Era. Οι ""Χαμένες Φυλές του Ισραήλ"" εξαφανίζονται από την ιστορία."
1206;Πιύ (Piye);Person;-744;-714;Africa;Egypt;9;Ο Νούβιος βασιλιάς που κατέκτησε την Αίγυπτο και ίδρυσε την 25η Δυναστεία.;https://el.wikipedia.org/wiki/Πιύ;images/piye.jpg;piye-kush;Person;18.5,31.8;1206;NULL;NULL;Νάπατα;Φαραώ;άντρας;25η Δυναστεία;NULL;Status: Black Pharaoh. Επανέφερε τις αιγυπτιακές παραδόσεις και το κτίσιμο πυραμίδων.
1207;25η Δυναστεία της Αιγύπτου (Κουσίτες);Empire/State;-744;-656;Africa;Egypt;9;Περίοδος όπου οι βασιλείς του Κους (Σουδάν) κυβέρνησαν την Αίγυπτο.;https://el.wikipedia.org/wiki/25η_δυναστεία_Φαραώ;images/kushite-dynasty.jpg;kushite-dynasty;Country;25.7,32.6;1207;NULL;NULL;Νάπατα/Θήβα;Δυναστεία;NULL;Τρίτη Ενδιάμεση Περίοδος;NULL;Αναβίωση του Αιγυπτιακού πολιτισμού υπό νουβική ηγεσία.
1208;Σκύθες (Εμφάνιση);Movement/Culture;-800;-200;Asia;Eurasia;9;Νομαδικοί πολεμιστές-ιππείς των στεπών που επηρέασαν την Εγγύς Ανατολή.;https://el.wikipedia.org/wiki/Σκύθες;images/scythians.jpg;scythians-emergence;Organization;48.0,40.0;1208;NULL;NULL;Κεντρική Ασία;Λαός;NULL;Εποχή του Σιδήρου;NULL;Vibe: Horse Archers. Πρώτη αναφορά από τον Ηρόδοτο ως ατρόμητοι τοξότες.
1209;Ίδρυση των Συρακουσών;Event/War;-734;-734;Europe;Italy;9;Η ίδρυση της σημαντικότερης ελληνικής αποικίας στη Σικελία από τους Κορινθίους.;https://el.wikipedia.org/wiki/Συρακούσες;images/syracuse-founding.jpg;founding-of-syracuse;Event;37.1,15.3;1209;NULL;NULL;Κόρινθος;Αποικισμός;NULL;Αρχαϊκή Περίοδος;NULL;Status: New Athens. Θα γινόταν μία από τις πλουσιότερες και ισχυρότερες πόλεις του κόσμου.
1210;Ίδρυση της Νάξου (Σικελία);Event/War;-735;-735;Europe;Italy;8;Η πρώτη ελληνική αποικία στη Σικελία, από Χαλκιδείς και Ναξίους.;https://el.wikipedia.org/wiki/Νάξος_(Σικελία);images/naxos-sicily.jpg;founding-of-naxos-sicily;Event;37.8,15.2;1210;NULL;NULL;Χαλκίδα;Αποικισμός;NULL;Αρχαϊκή Περίοδος;NULL;Το σημείο εκκίνησης του Μεγάλου Ελληνικού Αποικισμού στη Δύση.
1211;Ληλάντιος Πόλεμος;Event/War;-710;-650;Europe;Greece;8;Ο πρώτος μεγάλος πόλεμος μεταξύ ελληνικών πόλεων (Χαλκίδα vs Ερέτρια) για το Ληλάντιο πεδίο.;https://el.wikipedia.org/wiki/Ληλάντιος_πόλεμος;images/lelantine-war.jpg;lelantine-war;Event;38.4,23.6;1211;NULL;NULL;Εύβοια;Πόλεμος;NULL;Αρχαϊκή Περίοδος;NULL;Συμμετείχαν σχεδόν όλες οι ελληνικές πόλεις, χωρισμένες σε δύο στρατόπεδα.
1212;Εζεκίας (Hezekiah);Person;-715;-686;Asia;Levant;9;Βασιλιάς του Ιούδα που άντεξε την πολιορκία των Ασσυρίων.;https://el.wikipedia.org/wiki/Εζεκίας;images/hezekiah.jpg;hezekiah-judah;Person;31.7,35.2;1212;NULL;NULL;Ιερουσαλήμ;Βασιλιάς;άντρας;Εποχή του Σιδήρου;NULL;Status: Religious Reformer. Κατασκεύασε το περίφημο τούνελ του Εζεκία για την ύδρευση της πόλης.
1213;Ησαΐας (Prophet Isaiah);Person;-740;-681;Asia;Levant;9;Ένας από τους σημαντικότερους προφήτες της Βίβλου, σύμβουλος του Εζεκία.;https://el.wikipedia.org/wiki/Ησαΐας;images/isaiah.jpg;isaiah-prophet;Person;31.7,35.2;1213;NULL;NULL;Ιερουσαλήμ;Προφήτης;άντρας;Εποχή του Σιδήρου;NULL;Vibe: Messianic Vision. Το βιβλίο του είναι κεντρικό στον Ιουδαϊσμό και τον Χριστιανισμό.
1214;Άχαζ (Ahaz);Person;-732;-716;Asia;Levant;7;Βασιλιάς του Ιούδα που έγινε υποτελής της Ασσυρίας για να σωθεί.;https://el.wikipedia.org/wiki/Άχαζ;images/ahaz.jpg;ahaz-judah;Person;31.7,35.2;1214;NULL;NULL;Ιερουσαλήμ;Βασιλιάς;άντρας;Εποχή του Σιδήρου;NULL;Η βασιλεία του σημαδεύτηκε από την εισαγωγή ξένων λατρειών στην Ιερουσαλήμ.
1215;Σενναχειρείμ (Sennacherib);Person;-705;-681;Asia;Mesopotamia;10;Ο βασιλιάς που έκανε τη Νινευή την πιο λαμπρή πόλη του κόσμου και πολιόρκησε την Ιερουσαλήμ.;https://el.wikipedia.org/wiki/Σενναχειρείμ;images/sennacherib.jpg;sennacherib;Person;36.3,43.1;1215;NULL;NULL;Νινευή;Βασιλιάς;άντρας;Νεοασσυριακή Περίοδος;NULL;"Status: Destroyer of Babylon. Διάσημος για τα ανάγλυφα και τους ""κρεμαστούς κήπους"" (πιθανώς στη Νινευή)."
1216;Χάλυβες (Επεξεργασία Σιδήρου);Movement/Culture;-1000;-700;Asia;Turkey;7;Λαός του Πόντου στον οποίο αποδίδεται η εφεύρεση της χαλυβουργίας.;https://en.wikipedia.org/wiki/Chalybes;images/chalybes.jpg;chalybes-iron;Organization;40.5,38.0;1216;NULL;NULL;Πόντος;Λαός;NULL;Εποχή του Σιδήρου;NULL;"Vibe: Iron Masters. Το όνομα ""χάλυψ"" προέρχεται από αυτούς."
1217;Ασσούρ (Νέα Ακμή);Empire/State;-900;-700;Asia;Mesopotamia;8;Η ιερή πόλη των Ασσυρίων παρέμεινε το θρησκευτικό κέντρο της αυτοκρατορίας.;https://el.wikipedia.org/wiki/Ασσούρ;images/ashur-city.jpg;ashur-city;Country;35.5,43.2;1217;NULL;NULL;Ασσούρ;Πόλη;NULL;Νεοασσυριακή Περίοδος;NULL;Εδώ στέφονταν και θάβονταν όλοι οι Ασσύριοι βασιλείς.
1218;Α' Μεσσηνιακός Πόλεμος;Event/War;-743;-724;Europe;Greece;9;Ο πόλεμος που οδήγησε στην υποδούλωση των Μεσσηνίων από τη Σπάρτη.;https://el.wikipedia.org/wiki/Πρώτος_Μεσσηνιακός_πόλεμος;images/messenian-war.jpg;first-messenian-war;Event;37.1,21.9;1218;NULL;NULL;Μεσσηνία;Πόλεμος;NULL;Αρχαϊκή Περίοδος;NULL;Status: Spartan Expansion. Μετέτρεψε τη Σπάρτη στην κυρίαρχη δύναμη της Πελοποννήσου.
1219;Βακχιάδαι (Κόρινθος);Movement/Culture;-747;-657;Europe;Greece;7;Η ολιγαρχική οικογένεια που κυβέρνησε την Κόρινθο και την έκανε εμπορική δύναμη.;https://el.wikipedia.org/wiki/Βακχιάδαι;images/bacchiadae.jpg;bacchiadae-corinth;Organization;37.9,22.9;1219;NULL;NULL;Κόρινθος;Δυναστεία;NULL;Αρχαϊκή Περίοδος;NULL;Υπό την ηγεσία τους η Κόρινθος ίδρυσε τις Συρακούσες και την Κέρκυρα.
1220;Ίδρυση της Κύμης (Ιταλία);Event/War;-750;-750;Europe;Italy;8;Η παλαιότερη ελληνική αποικία στην ηπειρωτική Ιταλία.;https://el.wikipedia.org/wiki/Κύμη_(Ιταλία);images/cumae-founding.jpg;founding-of-cumae;Event;40.8,14.0;1220;NULL;NULL;Χαλκίδα;Αποικισμός;NULL;Αρχαϊκή Περίοδος;NULL;Status: Gateway to Rome. Από εδώ οι Ρωμαίοι και οι Ετρούσκοι έμαθαν το ελληνικό αλφάβητο.
1221;Ασουρμπανιπάλ (Ashurbanipal);Person;-668;-627;Asia;Mesopotamia;10;Ο τελευταίος σπουδαίος βασιλιάς της Ασσυρίας, γνωστός ως πολεμιστής και λόγιος.;https://el.wikipedia.org/wiki/Ασουρμπανιπάλ;images/ashurbanipal.jpg;ashurbanipal;Person;36.3,43.1;1221;NULL;NULL;Νινευή;Βασιλιάς;άντρας;Νεοασσυριακή Περίοδος;NULL;Ίδρυσε την πρώτη συστηματικά οργανωμένη βιβλιοθήκη στον κόσμο στη Νινευή.
1222;Βιβλιοθήκη του Ασουρμπανιπάλ;Invention;-650;-612;Asia;Mesopotamia;10;Η μεγαλύτερη συλλογή κειμένων της αρχαιότητας, με πάνω από 30.000 πινακίδες σφηνοειδούς γραφής.;https://el.wikipedia.org/wiki/Βιβλιοθήκη_του_Ασουρμπανιπάλ;images/ashurbanipal-library.jpg;library-of-ashurbanipal;Product;36.3,43.1;1222;NULL;NULL;Νινευή;Πολιτισμός;NULL;Νεοασσυριακή Περίοδος;NULL;Διέσωσε το Έπος του Γκιλγκαμές και πλήθος επιστημονικών κειμένων.
1223;Πτώση της Νινευή;Event/War;-612;-612;Asia;Mesopotamia;10;Η καταστροφή της ασσυριακής πρωτεύουσας από το συνασπισμό Μήδων και Βαβυλωνίων.;https://el.wikipedia.org/wiki/Μάχη_της_Νινευή_(-612);images/fall-of-nineveh.jpg;fall-of-nineveh;Event;36.3,43.1;1223;NULL;NULL;Νινευή;Πτώση;NULL;Εποχή του Σιδήρου;NULL;Status: End of Empire. Σήμανε το τέλος της ασσυριακής κυριαρχίας μετά από αιώνες.
1224;Νεοβαβυλωνιακή Αυτοκρατορία;Empire/State;-626;-539;Asia;Mesopotamia;10;Η τελευταία μεγάλη περίοδος της Βαβυλώνας, γνωστή για τη λαμπρότητα και τα έργα της.;https://el.wikipedia.org/wiki/Νεοβαβυλωνιακή_Αυτοκρατορία;images/neo-babylonian.jpg;neo-babylonian-empire;Country;32.5,44.4;1224;NULL;NULL;Βαβυλώνα;Αυτοκρατορία;NULL;Εποχή του Σιδήρου;NULL;Status: Cultural Peak. Κυριάρχησε στη Μέση Ανατολή μετά την πτώση της Ασσυρίας.
1225;Ναβουχοδονόσορ Β';Person;-605;-562;Asia;Mesopotamia;10;Ο ισχυρότερος βασιλιάς της Βαβυλώνας, γνωστός για την Πύλη της Ιστάρ και την αιχμαλωσία των Εβραίων.;https://el.wikipedia.org/wiki/Ναβουχοδονόσορ_Β΄;images/nebuchadnezzar-ii.jpg;nebuchadnezzar-the-great;Person;32.5,44.4;1225;NULL;NULL;Βαβυλώνα;Βασιλιάς;άντρας;Νεοβαβυλωνιακή Περίοδος;NULL;Status: The Great Builder. Ανήγειρε τα Τείχη της Βαβυλώνας και (πιθανώς) τους Κρεμαστούς Κήπους.
1226;Κρεμαστοί Κήποι της Βαβυλώνας;Event/War;-600;-600;Asia;Mesopotamia;10;Ένα από τα Επτά Θαύματα του Αρχαίου Κόσμου.;https://el.wikipedia.org/wiki/Κρεμαστοί_κήποι_της_Βαβυλώνας;images/hanging-gardens.jpg;hanging-gardens-babylon;Event;32.5,44.4;1226;NULL;NULL;Βαβυλώνα;Θαύμα;NULL;Νεοβαβυλωνιακή Περίοδος;NULL;Σύμβολο της μηχανικής και της χλιδής της Βαβυλώνας.
1227;Βαβυλώνια Αιχμαλωσία;Event/War;-586;-538;Asia;Levant;10;Ο εκτοπισμός των Ιουδαίων στη Βαβυλώνα μετά την καταστροφή του Ναού του Σολομώντα.;https://el.wikipedia.org/wiki/Βαβυλώνια_αιχμαλωσία;images/babylonian-exile.jpg;babylonian-captivity;Event;31.7,35.2;1227;NULL;NULL;Ιερουσαλήμ;Εκτοπισμός;NULL;Εποχή του Σιδήρου;NULL;Καθόρισε τη σύγχρονη μορφή του Ιουδαϊσμού και τη συγγραφή της Βίβλου.
1228;Σόλων ο Αθηναίος;Person;-638;-558;Europe;Greece;10;Ο νομοθέτης που έθεσε τα θεμέλια της αθηναϊκής δημοκρατίας.;https://el.wikipedia.org/wiki/Σόλων;images/solon.jpg;solon-athens;Person;37.9,23.7;1228;NULL;NULL;Αθήνα;Νομοθέτης;άντρας;Αρχαϊκή Περίοδος;NULL;Status: Wise Man. Εισήγαγε τη Σεισάχθεια (διαγραφή χρεών) και χώρισε τους πολίτες σε τάξεις.
1229;Θαλής ο Μιλήσιος;Person;-624;-546;Asia;Turkey;10;Ο πρώτος φιλόσοφος και επιστήμονας της Δύσης, ένας από τους Επτά Σοφούς.;https://el.wikipedia.org/wiki/Θαλής_ο_Μιλήσιος;images/thales.jpg;thales-of-miletus;Person;37.5,27.3;1229;NULL;NULL;Μίλητος;Φιλόσοφος;άντρας;Προσωκρατική Φιλοσοφία;NULL;Vibe: Rational Thinking. Υπέθεσε ότι το νερό είναι η αρχή των πάντων και προέβλεψε μια έκλειψη ηλίου.
1230;Σαπφώ (Sappho);Person;-630;-570;Europe;Greece;9;"Η κορυφαία λυρική ποιήτρια της αρχαιότητας, η ""Δέκατη Μούσα"".";https://el.wikipedia.org/wiki/Σαπφώ;images/sappho.jpg;sappho-lesbos;Person;39.1,26.5;1230;NULL;NULL;Λέσβος;Ποιήτρια;γυναίκα;Αρχαϊκή Περίοδος;NULL;Status: Lyric Icon. Έγραψε για τον έρωτα, το πάθος και την ομορφιά.
1231;Πυθαγόρας ο Σάμιος;Person;-570;-495;Europe;Greece;10;Φιλόσοφος και μαθηματικός, ιδρυτής της Πυθαγόρειας σχολής.;https://el.wikipedia.org/wiki/Πυθαγόρας;images/pythagoras.jpg;pythagoras-samos;Person;37.7,26.9;1231;NULL;NULL;Σάμος;Φιλόσοφος;άντρας;Προσωκρατική Φιλοσοφία;NULL;Status: Math Genius. Πυθαγόρειο θεώρημα και η θεωρία της μουσικής των σφαιρών.
1232;Βασίλειο της Λυδίας (Νομίσματα);Empire/State;-680;-546;Asia;Turkey;10;Το κράτος που εισήγαγε τη χρήση του νομίσματος στην ανθρωπότητα.;https://el.wikipedia.org/wiki/Λυδία;images/lydia-coins.jpg;lydia-kingdom;Country;38.5,28.0;1232;NULL;NULL;Σάρδεις;Βασίλειο;NULL;Εποχή του Σιδήρου;NULL;Status: Wealthy. Ο πλούτος του βασιλιά Κροίσου έγινε παροιμιώδης.
1233;Κροίσος (Croesus);Person;-595;-546;Asia;Turkey;9;Ο τελευταίος βασιλιάς της Λυδίας, γνωστός για τα αμύθητα πλούτη του.;https://el.wikipedia.org/wiki/Κροίσος;images/croesus.jpg;croesus-lydia;Person;38.5,28.0;1233;NULL;NULL;Σάρδεις;Βασιλιάς;άντρας;Εποχή του Σιδήρου;NULL;Vibe: Rich as Croesus. Η ήττα του από τον Κύρο σήμανε το τέλος της Λυδίας.
1234;Κύρος ο Μέγας (Cyrus the Great);Person;-600;-530;Asia;Iran;10;Ο ιδρυτής της Περσικής Αυτοκρατορίας και πρότυπο δίκαιου ηγεμόνα.;https://el.wikipedia.org/wiki/Κύρος_ο_Μέγας;images/cyrus-the-great.jpg;cyrus-the-great;Person;30.2,53.2;1234;NULL;NULL;Πασαργάδες;Αυτοκράτορας;άντρας;Αχαιμενιδική Αυτοκρατορία;NULL;"Status: Liberator. Απελευθέρωσε τους Εβραίους και έγραψε τον πρώτο ""καταστατικό χάρτη"" ανθρωπίνων δικαιωμάτων."
1235;Αχαιμενιδική Αυτοκρατορία (Περσία);Empire/State;-550;-330;Asia;Iran;10;Η μεγαλύτερη αυτοκρατορία που είχε δει ο κόσμος έως τότε.;https://el.wikipedia.org/wiki/Αχαιμενιδική_Αυτοκρατορία;images/achaemenid-empire.jpg;achaemenid-persia;Country;29.9,52.9;1235;NULL;NULL;Περσέπολη;Αυτοκρατορία;NULL;Κλασική Αρχαιότητα;NULL;Status: Global Power. Ένωσε την Εγγύς Ανατολή, την Αίγυπτο και τμήματα της Ινδίας και Ελλάδας.
1236;Δαρείος Α' ο Μέγας;Person;-550;-486;Asia;Iran;10;Ο οργανωτής της Περσικής Αυτοκρατορίας που την επέκτεινε στο μέγιστο βαθμό.;https://el.wikipedia.org/wiki/Δαρείος_Α΄_της_Περσίας;images/darius-i.jpg;darius-the-great;Person;29.9,52.9;1236;NULL;NULL;Σούσα;Αυτοκράτορας;άντρας;Αχαιμενιδική Αυτοκρατορία;NULL;Status: Administrator. Χώρισε την αυτοκρατορία σε Σατραπείες και έχτισε την Περσέπολη.
1237;Βούδας (Siddhartha Gautama);Person;-563;-483;Asia;India;10;Ο ιδρυτής του Βουδισμού, που δίδαξε το μονοπάτι προς τη Νιρβάνα.;https://el.wikipedia.org/wiki/Γκωτάμα_Βούδας;images/buddha.jpg;siddhartha-gautama;Person;27.5,83.0;1237;NULL;NULL;Λουμπίνι;Πνευματικός;άντρας;Εποχή του Σιδήρου;NULL;Vibe: Enlightenment. Η διδασκαλία του για τον τερματισμό του πόνου άλλαξε την Ασία.
1238;Κομφούκιος (Confucius);Person;-551;-479;Asia;China;10;Ο σημαντικότερος φιλόσοφος της Κίνας, που καθόρισε την κοινωνική ηθική.;https://el.wikipedia.org/wiki/Κομφούκιος;images/confucius.jpg;confucius;Person;35.6,117.0;1238;NULL;NULL;Κουφού;Φιλόσοφος;άντρας;Περίοδος της Άνοιξης και του Φθινοπώρου;NULL;Status: Ethical Master. Η φιλοσοφία του (Κομφουκιανισμός) είναι η βάση του κινεζικού πολιτισμού.
1239;Λάο Τσε (Laozi);Person;-600;-500;Asia;China;9;"Ο μυθικός ιδρυτής του Ταοϊσμού και συγγραφέας του ""Τάο Τε Τσινγκ"".";https://el.wikipedia.org/wiki/Λάο_Τσε;images/laozi.jpg;laozi;Person;34.0,110.0;1239;NULL;NULL;Κίνα;Φιλόσοφος;άντρας;Περίοδος της Άνοιξης και του Φθινοπώρου;NULL;Vibe: Inner Peace. Δίδαξε την αρμονία με τη φύση και τη μη-δράση (Wu wei).
1240;Κλεισθένης ο Αθηναίος;Person;-570;-508;Europe;Greece;10;"Ο ""πατέρας της αθηναϊκής δημοκρατίας"".";https://el.wikipedia.org/wiki/Κλεισθένης_ο_Αθηναίος;images/cleisthenes.jpg;cleisthenes;Person;37.9,23.7;1240;NULL;NULL;Αθήνα;Νομοθέτης;άντρας;Αρχαϊκή Περίοδος;NULL;Status: Reformer. Καθιέρωσε τις 10 φυλές, τη Βουλή των 500 και τον οστρακισμό.
1241;Ρωμαϊκή Δημοκρατία (Ίδρυση);Empire/State;-509;-27;Europe;Italy;10;Η περίοδος όπου η Ρώμη κυβερνήθηκε από την Σύγκλητο και τους Υπάτους.;https://el.wikipedia.org/wiki/Ρωμαϊκή_Δημοκρατία;images/roman-republic.jpg;roman-republic-start;Country;41.9,12.5;1241;NULL;NULL;Ρώμη;Πολίτευμα;NULL;Ρωμαϊκή Περίοδος;NULL;Status: Rise of Power. Ξεκίνησε με την εκδίωξη του τελευταίου βασιλιά (Ταρκύνιος).
1242;Τεύκρος (Tarquin the Proud);Person;-535;-495;Europe;Italy;8;Ο έβδομος και τελευταίος βασιλιάς της Ρώμης, του οποίου η τυραννία οδήγησε στη Δημοκρατία.;https://el.wikipedia.org/wiki/Ταρκύνιος_ο_Υπερήφανος;images/tarquin.jpg;tarquinius-superbus;Person;41.9,12.5;1242;NULL;NULL;Ρώμη;Βασιλιάς;άντρας;Ρωμαϊκή Βασιλεία;NULL;Η πτώση του σηματοδότησε το τέλος της μοναρχίας στη Ρώμη.
1243;Περίοδος Άνοιξης και Φθινοπώρου;Movement/Culture;-771;-476;Asia;China;9;Περίοδος της δυναστείας Τζόου με έντονο πολιτικό κατακερματισμό αλλά και πνευματική άνθηση.;https://el.wikipedia.org/wiki/Περίοδος_της_Άνοιξης_και_του_Φθινοπώρου;images/spring-autumn-china.jpg;spring-and-autumn-period;Organization;34.6,108.9;1243;NULL;NULL;Κίνα;Περίοδος;NULL;Αρχαία Κίνα;NULL;Εδώ έζησαν ο Κομφούκιος και ο Λάο Τσε.
1244;Ζωροάστρης (Zoroaster);Person;-628;-551;Asia;Iran;9;Ο προφήτης και ιδρυτής του Ζωροαστρισμού, της θρησκείας της Περσίας.;https://el.wikipedia.org/wiki/Ζωροάστρης;images/zoroaster.jpg;zoroaster;Person;36.0,59.0;1244;NULL;NULL;Βακτρία;Προφήτης;άντρας;Αρχαία Περσία;NULL;Vibe: Good vs Evil. Δίδαξε τη μάχη μεταξύ του φωτός (Αχούρα Μάζντα) και του σκότους.
1245;Πυθικοί Αγώνες (Αναδιοργάνωση);Event/War;-582;-582;Europe;Greece;8;Οι δεύτεροι σημαντικότεροι αγώνες της Ελλάδας προς τιμήν του Απόλλωνα.;https://el.wikipedia.org/wiki/Πυθικοί_αγώνες;images/delphi-games.jpg;pythian-games;Event;38.4,22.5;1245;NULL;NULL;Δελφοί;Αθλητισμός;NULL;Αρχαϊκή Περίοδος;NULL;Περιλάμβαναν και μουσικούς διαγωνισμούς εκτός από αθλητικούς.
1246;Ναός της Αρτέμιδος στην Έφεσο;Event/War;-550;-550;Asia;Turkey;10;Ένα από τα Επτά Θαύματα, ο μεγαλύτερος ναός της εποχής του.;https://el.wikipedia.org/wiki/Ναός_της_Αρτέμιδος_στην_Έφεσο;images/temple-artemis.jpg;temple-of-artemis;Event;37.9,27.3;1246;NULL;NULL;Έφεσος;Θαύμα;NULL;Αρχαϊκή Περίοδος;NULL;Status: Magnificent. Χρηματοδοτήθηκε εν μέρει από τον βασιλιά Κροίσο.
1247;Πεισίστρατος ο Αθηναίος;Person;-600;-527;Europe;Greece;8;Ο τύραννος που έκανε την Αθήνα μεγάλη δύναμη και κέντρο πολιτισμού.;https://el.wikipedia.org/wiki/Πεισίστρατος;images/peisistratos.jpg;peisistratos;Person;37.9,23.7;1247;NULL;NULL;Αθήνα;Τύραννος;άντρας;Αρχαϊκή Περίοδος;NULL;Status: Benevolent Tyrant. Κατέγραψε τα Ομηρικά έπη και έχτισε μεγάλα δημόσια έργα.
1248;Μαχαβίρα (Mahavira);Person;-599;-527;Asia;India;8;Ο 24ος και τελευταίος προφήτης του Τζαϊνισμού.;https://el.wikipedia.org/wiki/Μαχαβίρα;images/mahavira.jpg;mahavira;Person;25.7,85.2;1248;NULL;NULL;Μπιχάρ;Πνευματικός;άντρας;Εποχή του Σιδήρου;NULL;Δίδαξε την απόλυτη μη-βία (Ahimsa) και τον ασκητισμό.
1249;Πολιτισμός Nok (Νιγηρία);Movement/Culture;-1000;-300;Africa;Nigeria;8;Πολιτισμός της πρώιμης εποχής του σιδήρου στην υποσαχάρια Αφρική, γνωστός για τα πήλινα αγάλματά του.;https://el.wikipedia.org/wiki/Πολιτισμός_Νοκ;images/nok-culture.jpg;nok-culture;Organization;9.5,8.0;1249;NULL;NULL;Νιγηρία;Πολιτισμός;NULL;Εποχή του Σιδήρου;NULL;Status: Artistic Masters. Πρώτη γνωστή χρήση σιδήρου στη δυτική Αφρική.
1250;Ανάκτορο της Περσέπολης (Έναρξη);Event/War;-515;-515;Asia;Iran;10;Η τελετουργική πρωτεύουσα της Περσικής Αυτοκρατορίας.;https://el.wikipedia.org/wiki/Περσέπολη;images/persepolis.jpg;persepolis-palace;Event;29.9,52.9;1250;NULL;NULL;Φαρς;Μνημείο;NULL;Αχαιμενιδική Αυτοκρατορία;NULL;Status: Imperial Glory. Σύμβολο της ενότητας και της ισχύος των Περσών.
